1→21379,2
2→30805,16
3→35779,18
4→38066,6
5→29742,2
6→40518,4
7→38402,2
8→37678,2
9→22198,2
10→26538,10
11→35913,2
12→39524,16
13→20409,2
14→24895,30
15→25947,6
16→34835,2
17→31923,2
18→39140,90
19→21983,4
20→20851,46
21→23075,2
22→26507,4
23→23849,6
24→30462,14
25→40715,2
26→40527,2
27→24062,14
28→22395,10
29→26735,2
30→32563,4
31→38059,2
32→40143,18
33→24406,22
34→37011,36
35→35746,2
36→23411,12
37→35574,4
38→26163,2
39→32751,2
40→21346,36
41→20294,4
42→33445,8
43→36137,2
44→21180,2
45→20052,34
46→34660,2
47→35580,4
48→28831,2
49→26197,22
50→20260,26
51→23081,2
52→34036,2
53→30496,6
54→27421,10
55→33213,2
56→39729,10
57→25376,4
58→36761,4
59→33021,68
60→25144,18
61→20436,2
62→25978,2
63→29789,2
64→34204,6
65→31776,46
66→28207,6
67→39147,4
68→38095,4
69→20856,84
70→27841,22
71→31118,2
72→39711,2
73→36759,8
74→28451,2
75→22957,2
76→34832,2
77→22359,4
78→25940,26
79→24268,74
80→29577,72
81→35128,2
82→31588,2
83→35914,34
84→29745,32
85→38405,6
86→32903,96
87→26369,4
88→33489,14
89→39381,20
90→32769,84
91→23429,48
92→29113,14
93→26967,10
94→27089,2
95→24091,28
96→33026,8
97→25143,18
98→36554,170
99→22366,2
100→34203,48
101→27426,20
102→33214,4
103→25371,12
104→20603,4
105→36766,200
106→22530,42
107→25715,10
108→33670,2
109→36302,2
110→20267,4
111→39178,28
112→25527,4
113→20869,138
114→39944,4
115→21187,4
116→36130,4
117→28238,6
118→23416,46
119→30001,14
120→26164,8
121→21341,2
122→32564,2
123→24401,2
124→40144,2
125→21173,2
126→37016,2
127→23624,26
128→26356,54
129→40520,2
130→24859,30
131→21517,34
132→23072,2
133→26500,6
134→30465,208
135→40712,2
136→38608,2
137→28467,2
138→30498,6
139→25378,2
140→39727,150
141→39515,6
142→25976,22
143→28655,4
144→29787,4
145→20860,28
146→32599,74
147→36139,12
148→22539,6
149→27877,8
150→28003,2
151→24408,136
152→27883,2
153→30008,6
154→21348,4
155→28493,2
156→22995,12
157→38601,34
158→32109,4
159→38433,4
160→32935,2
161→20251,2
162→28800,2
163→35783,4
164→22734,2
165→25511,2
166→20063,26
167→36106,16
168→22350,10
169→30695,12
170→31747,2
171→33010,2
172→36562,38
173→25949,6
174→33222,2
175→36750,6
176→37682,2
177→27410,18
178→26704,20
179→32136,2
180→24053,2
181→40516,4
182→21521,92
183→40724,72
184→21713,2
185→23044,28
186→22196,44
187→35121,20
188→31581,2
189→26536,2
190→24605,44
191→35545,4
192→23420,2
193→29926,14
194→26152,2
195→35777,2
196→23612,12
197→26360,110
198→32552,14
199→20097,28
200→39986,2
201→32932,18
202→21519,10
203→29546,6
204→35925,220
205→22992,8
206→38606,10
207→23418,56
208→38262,2
209→29310,2
210→27870,6
211→38296,2
212→20269,2
213→20867,2
214→36902,6
215→39176,4
216→21189,18
217→39512,2
218→28652,6
219→22368,8
220→28460,2
221→27428,4
222→39720,2
223→36768,4
224→35770,14
225→23615,2
226→26367,8
227→30202,2
228→33487,50
229→40175,262
230→32555,2
231→37027,8
232→35542,14
233→26969,12
234→23427,260
235→34490,2
236→26155,4
237→30030,2
238→24266,4
239→40723,72
240→23043,2
241→29579,742
242→26531,10
243→28699,6
244→32131,2
245→40511,52
246→24868,4
247→36757,10
248→34000,10
249→31572,8
250→22959,2
251→23285,2
252→31740,2
253→25172,4
254→35784,10
255→34656,6
256→31324,4
257→26393,160
258→39149,6
259→20064,20
260→36101,8
261→33641,6
262→20256,30
263→21384,2
264→27073,10
265→29975,54
266→30064,114
267→35516,12
268→37241,6
269→24656,10
270→25784,4
271→37073,48
272→24464,114
273→32501,10
274→31384,2
275→32959,4
276→26757,34
277→35340,2
278→35172,2
279→20692,2
280→33285,6
281→36531,2
282→20454,14
283→32191,10
284→39579,2
285→33043,4
286→28639,10
287→22303,292
288→31526,6
289→26591,2
290→34054,2
291→35186,78
292→36703,2
293→40783,4
294→31142,12
295→30090,14
296→34430,2
297→23487,52
298→20202,18
299→33615,2
300→37087,2
301→20030,48
302→36155,2
303→24490,116
304→25542,6
305→36969,40
306→31370,2
307→22767,22
308→32368,2
309→40748,2
310→19989,12
311→32966,2
312→37428,18
313→38460,4
314→21129,126
315→38236,12
316→24669,2
317→31189,10
318→35529,2
319→30867,2
320→33418,2
321→39122,4
322→36956,4
323→29182,10
324→30893,4
325→20659,30
326→32992,2
327→25925,40
328→39546,8
329→25119,36
330→38494,4
331→20037,34
332→36152,16
333→33420,4
334→31377,2
335→29986,18
336→31145,2
337→30097,86
338→22552,18
339→28068,4
340→23480,2
341→20661,2
342→40784,132
343→33276,10
344→25121,2
345→32196,2
346→33044,4
347→31713,6
348→30407,10
349→32350,8
350→24235,8
351→33282,8
352→32162,2
353→40542,4
354→30635,4
355→34295,4
356→29718,2
357→35347,16
358→37074,36
359→37848,4
360→32506,2
361→31383,6
362→22794,6
363→35723,6
364→23646,18
365→26106,4
366→30063,78
367→37246,8
368→36394,8
369→25783,2
370→28601,20
371→25922,2
372→39541,4
373→38493,10
374→39773,2
375→34850,22
376→22935,2
377→31946,12
378→31348,6
379→20834,10
380→36951,44
381→38231,2
382→30860,6
383→28291,2
384→23679,2
385→36199,4
386→40119,2
387→37877,2
388→21912,2
389→32539,2
390→29727,2
391→32961,6
392→20498,2
393→24038,72
394→30438,6
395→36732,2
396→33240,6
397→25325,6
398→27472,32
399→34065,92
400→26792,4
401→19973,92
402→28608,2
403→20465,6
404→36500,2
405→27224,2
406→34633,2
407→22756,4
408→36164,26
409→20001,14
410→36958,4
411→37284,8
412→20233,4
413→24693,60
414→33624,52
415→22564,4
416→30267,2
417→36190,16
418→21127,4
419→38836,2
420→37042,14
421→32530,2
422→24455,4
423→21315,66
424→38238,2
425→30055,2
426→26130,2
427→35527,8
428→24203,2
429→32366,2
430→30431,48
431→34091,2
432→30603,6
433→19987,96
434→23214,2
435→40574,2
436→33086,4
437→24031,4
438→23489,2
439→28061,2
440→27815,8
441→39321,16
442→37089,26
443→20802,2
444→28253,2
445→39577,2
446→34268,6
447→31528,2
448→34866,2
449→39745,12
450→38451,126
451→29711,4
452→35940,2
453→23825,2
454→34892,380
455→38663,16
456→40779,62
457→28095,6
458→35518,4
459→24658,10
460→36993,20
461→21924,2
462→38035,12
463→37841,6
464→30258,2
465→19980,14
466→29729,2
467→24036,8
468→38469,4
469→40573,6
470→21776,196
471→32361,14
472→26553,2
473→27481,6
474→30436,10
475→21312,18
476→32705,12
477→24660,2
478→28891,6
479→30052,4
480→31180,106
481→29943,4
482→26137,10
483→23445,14
484→35712,8
485→37045,62
486→38831,8
487→32537,2
488→24452,16
489→40117,2
490→20234,92
491→25746,4
492→39319,2
493→24694,14
494→28865,2
495→31174,6
496→28059,8
497→20006,50
498→33411,4
499→31722,14
500→35382,18
501→33849,2
502→20462,22
503→40587,102
504→25110,58
505→32508,2
506→36994,2
507→23648,34
508→28092,10
509→29140,2
510→31983,2
511→26934,2
512→38200,4
513→35947,32
514→30409,58
515→24835,2
516→33882,4
517→32950,2
518→39584,4
519→35349,2
520→22904,16
521→34861,2
522→28402,2
523→33278,14
524→25913,10
525→20039,6
526→36960,34
527→20805,32
528→28254,2
529→29386,4
530→29988,2
531→27812,4
532→28066,2
533→38899,36
534→20866,20
535→39177,6
536→25528,2
537→28237,4
538→31128,6
539→31914,8
540→35588,2
541→28005,4
542→38297,12
543→39345,2
544→34802,14
545→23089,4
546→36769,2
547→39721,4
548→25970,6
549→33029,6
550→22369,12
551→29781,18
552→22993,30
553→28495,2
554→29547,2
555→38607,4
556→24258,2
557→32933,18
558→21518,70
559→37019,12
560→20892,110
561→26359,8
562→29311,2
563→40379,4
564→38263,306
565→30693,20
566→36564,4
567→36756,30
568→20633,78
569→34001,8
570→21385,10
571→33640,2
572→25725,4
573→32792,2
574→31117,12
575→27072,10
576→22500,2
577→35785,2
578→28208,2
579→34657,2
580→20065,42
581→20859,28
582→40180,78
583→21371,6
584→24603,4
585→32766,2
586→29920,8
587→26154,2
588→27086,2
589→30031,46
590→35543,2
591→26366,74
592→35771,2
593→23614,24
594→37026,12
595→32554,8
596→26702,2
597→35315,2
598→25187,2
599→24055,6
600→40510,10
601→21715,2
602→37670,2
603→32302,2
604→40722,8
605→26530,6
606→29918,10
607→30009,16
608→29124,4
609→21349,210
610→38264,306
611→24409,8
612→39184,6
613→35749,4
614→22994,2
615→37648,2
616→38600,6
617→20439,30
618→39514,10
619→28654,12
620→29786,4
621→39726,4
622→26198,2
623→22538,2
624→38290,28
625→33678,2
626→39342,66
627→36138,6
628→20861,174
629→32305,2
630→24260,2
631→40725,6
632→30452,6
633→23879,2
634→35120,8
635→26705,28
636→21520,6
637→37445,6
638→40517,6
639→24052,56
640→26361,50
641→35776,2
642→23613,44
643→38069,2
644→32553,2
645→21376,2
646→24604,8
647→32761,8
648→30036,8
649→23421,2
650→26395,34
651→35782,30
652→39973,18
653→20250,54
654→21382,14
655→36335,30
656→33647,10
657→25722,4
658→27075,40
659→27849,54
660→39719,12
661→25346,8
662→31574,2
663→30694,398
664→34234,4
665→22351,6
666→36563,2
667→20406,2
668→33011,2
669→30669,2
670→29744,4
671→28696,6
672→32902,28
673→38404,4
674→31589,28
675→29576,2
676→32768,16
677→39380,4
678→38252,12
679→27088,14
680→23428,32
681→26368,20
682→20259,2
683→31119,496
684→28034,4
685→31925,8
686→36932,16
687→39146,2
688→38094,18
689→20857,16
690→28662,10
691→24893,26
692→25941,18
693→39522,10
694→36758,2
695→22956,4
696→23884,6
697→29582,2
698→28450,86
699→21172,14
700→37017,2
701→32565,2
702→30232,2
703→35740,4
704→30000,428
705→26165,2
706→35572,4
707→21340,48
708→37225,6
709→40377,2
710→26501,2
711→29549,6
712→36793,18
713→40713,12
714→25384,4
715→24858,12
716→21516,76
717→23241,4
718→22969,36
719→30490,6
720→27427,20
721→34030,6
722→20602,2
723→36767,92
724→33215,4
725→25370,10
726→20430,332
727→36555,2
728→24090,442
729→25142,18
730→22367,6
731→36131,22
732→20054,24
733→38897,8
734→20868,18
735→33443,4
736→27271,2
737→26191,12
738→35586,10
739→20266,6
740→40383,4
741→39717,26
742→29585,6
743→28457,2
744→24894,2
745→39525,2
746→28201,44
747→36109,4
748→21982,2
749→36935,18
750→38093,2
751→31922,2
752→26995,2
753→35778,4
754→20098,4
755→38067,2
756→21378,12
757→38255,2
758→37679,16
759→38631,8
760→26539,2
761→35912,14
762→29571,2
763→29743,4
764→32905,8
765→34453,16
766→20261,2
767→40384,4
768→36136,10
769→38890,6
770→32596,2
771→31313,10
772→34661,2
773→25145,12
774→31777,2
775→29788,6
776→30497,2
777→20605,6
778→25377,2
779→39728,10
780→24063,50
781→32106,2
782→26734,2
783→31783,4
784→30651,14
785→24251,56
786→30007,54
787→29916,14
788→35575,6
789→21347,58
790→20295,4
791→32750,2
792→33682,4
793→24635,8
794→32562,2
795→24407,6
796→40142,2
797→30235,2
798→23622,2
799→23682,14
800→22750,6
801→33410,26
802→36162,2
803→20007,46
804→39318,190
805→25747,4
806→37282,8
807→20235,12
808→34407,8
809→31949,4
810→27010,6
811→19975,550
812→33848,2
813→20463,2
814→23020,190
815→26552,2
816→30437,34
817→35377,50
818→19981,604
819→30605,2
820→38468,6
821→40572,6
822→24037,118
823→30261,2
824→25581,6
825→32536,4
826→24453,8
827→36196,98
828→38830,2
829→37044,10
830→32704,2
831→24661,6
832→40324,2
833→21313,116
834→37276,18
835→30053,2
836→31181,2
837→29942,12
838→32199,6
839→39571,6
840→25912,98
841→33279,8
842→28067,8
843→27813,2
844→30098,2
845→29989,4
846→25778,8
847→36961,2
848→20804,312
849→28255,4
850→31378,2
851→26935,2
852→29141,114
853→36995,8
854→37847,4
855→23649,6
856→39585,4
857→33883,18
858→35946,14
859→30408,24
860→34894,2
861→38665,4
862→32703,2
863→24666,2
864→21314,4
865→23443,2
866→30054,4
867→31186,2
868→26131,368
869→32531,8
870→40111,2
871→37043,4
872→38837,2
873→35370,2
874→26767,4
875→24030,28
876→40575,158
877→21542,8
878→40747,2
879→24202,6
880→32367,4
881→27487,4
882→30430,2
883→19972,102
884→28609,6
885→27641,2
886→33073,12
887→25324,4
888→36733,52
889→34632,2
890→27225,2
891→29522,2
892→23018,14
893→34893,44
894→23824,2
895→38662,4
896→40778,132
897→38450,12
898→39582,2
899→24833,2
900→29710,2
901→37840,20
902→21119,2
903→38808,2
904→29374,4
905→30259,8
906→35519,26
907→38206,4
908→33428,2
909→20803,136
910→28252,4
911→29380,24
912→22768,22
913→27814,4
914→23488,4
915→39320,6
916→36368,6
917→28404,2
918→22902,10
919→39576,6
920→25129,2
921→33870,2
922→25915,84
923→34269,24
924→32163,2
925→38459,2
926→21574,2
927→35346,6
928→27683,2
929→23011,4
930→35174,2
931→30406,16
932→26563,2
933→35948,10
934→21746,24
935→20694,12
936→35510,2
937→23475,46
938→26107,2
939→30062,12
940→32735,16
941→37247,2
942→21322,20
943→40127,2
944→32507,2
945→37075,4
946→35722,24
947→22795,2
948→31382,6
949→23481,14
950→29987,18
951→27021,2
952→30096,56
953→33613,2
954→25776,4
955→33421,2
956→36153,32
957→25120,130
958→21580,2
959→22305,292
960→31712,4
961→27445,4
962→31520,4
963→40785,4
964→33277,4
965→36705,30
966→20660,2
967→23678,4
968→38002,2
969→21913,2
970→32538,2
971→36198,30
972→38230,2
973→30861,2
974→26138,2
975→38654,4
976→30439,36
977→35977,14
978→24039,14
979→38466,8
980→20499,4
981→33248,4
982→34851,2
983→22934,4
984→39540,10
985→38492,4
986→31349,2
987→37882,2
988→39124,2
989→20009,6
990→39316,2
991→27822,16
992→28056,6
993→22130,4
994→27442,12
995→26590,8
996→39578,2
997→32190,2
998→28638,2
999→33426,4
1000→20031,2
1001→37086,36
1002→36154,32
1003→22766,22
1004→23486,616
1005→34431,28
1006→31143,6
1007→29980,10
1008→30091,4
1009→25771,4
1010→40120,2
1011→24465,16
1012→32500,16
1013→37072,8
1014→21117,4
1015→23472,84
1016→30065,22
1017→37240,4
1018→23016,2
1019→30401,24
1020→26564,2
1021→33284,40
1022→21741,18
1023→37624,4
1024→20693,62
1025→40544,2
1026→32958,10
1027→39311,2
1028→29183,16
1029→28051,4
1030→27825,30
1031→28263,6
1032→20832,10
1033→33419,4
1034→25118,2
1035→39547,2
1036→38495,52
1037→25924,2
1038→32993,44
1039→33841,6
1040→20658,2
1041→31518,2
1042→19988,332
1043→38461,2
1044→24802,6
1045→23815,30
1046→27489,2
1047→35970,6
1048→38237,6
1049→29177,18
1050→31188,2
1051→28297,4
1052→30268,2
1053→25588,12
1054→21914,4
1055→21128,2
1056→38345,2
1057→34588,8
1058→35668,4
1059→29237,100
1060→39899,2
1061→37903,2
1062→38177,24
1063→28781,10
1064→29653,2
1065→32029,6
1066→40409,2
1067→38721,68
1068→26429,8
1069→35802,14
1070→31658,2
1071→25856,6
1072→20518,4
1073→33933,2
1074→22841,12
1075→34118,2
1076→29495,4
1077→33759,2
1078→39263,2
1079→22419,2
1080→26885,2
1081→27957,2
1082→27359,8
1083→36019,12
1084→20940,2
1085→39051,2
1086→21892,68
1087→23164,4
1088→37756,2
1089→25293,6
1090→32224,2
1091→24341,34
1092→37564,2
1093→32016,4
1094→26624,2
1095→35233,4
1096→21065,4
1097→24517,34
1098→38148,10
1099→32472,6
1100→26240,4
1101→35657,2
1102→30117,2
1103→35465,8
1104→23500,62
1105→20143,48
1106→36026,4
1107→32486,2
1108→31203,4
1109→26086,56
1110→22426,4
1111→35491,6
1112→36214,4
1113→27530,8
1114→31455,22
1115→36670,8
1116→39638,2
1117→25055,2
1118→24187,18
1119→22270,44
1120→34749,6
1121→28316,2
1122→20947,2
1123→39056,10
1124→20349,4
1125→28124,2
1126→27950,2
1127→23994,6
1128→27508,14
1129→34923,4
1130→22846,12
1131→28540,4
1132→29492,4
1133→39432,4
1134→33108,6
1135→24379,10
1136→35805,4
1137→31499,18
1138→30779,6
1139→21439,38
1140→25099,6
1141→38514,8
1142→37138,26
1143→37904,2
1144→40258,2
1145→26876,2
1146→20520,2
1147→37597,6
1148→33137,2
1149→24180,712
1150→31660,6
1151→22277,36
1152→34120,6
1153→36677,10
1154→20712,2
1155→26081,8
1156→31036,6
1157→35496,14
1158→22421,2
1159→34544,2
1160→36213,82
1161→38389,28
1162→33553,4
1163→32481,2
1164→39069,2
1165→29801,2
1166→23507,14
1167→37335,16
1168→24722,2
1169→33795,6
1170→40055,6
1171→32475,8
1172→26247,4
1173→23735,8
1174→24948,2
1175→37563,2
1176→40431,2
1177→30746,12
1178→26623,2
1179→22283,112
1180→26411,16
1181→22870,2
1182→30589,14
1183→34915,192
1184→39636,12
1185→25269,4
1186→24189,46
1187→29696,4
1188→28744,2
1189→36028,2
1190→36814,14
1191→39060,6
1192→32488,2
1193→20971,22
1194→27368,2
1195→28320,2
1196→26088,100
1197→27966,2
1198→22428,2
1199→39252,8
1200→40860,68
1201→29808,6
1202→26840,18
1203→21259,22
1204→35833,8
1205→37758,4
1206→24941,2
1207→32824,6
1208→23358,2
1209→36225,2
1210→20340,4
1211→27357,2
1212→31232,22
1213→35692,6
1214→20172,6
1215→40097,8
1216→33565,2
1217→31656,10
1218→27733,2
1219→30784,2
1220→37793,2
1221→24384,2
1222→25256,2
1223→26615,2
1224→37555,4
1225→21430,2
1226→40407,2
1227→32027,18
1228→40635,14
1229→32215,4
1230→30542,2
1231→23155,2
1232→32671,2
1233→40251,52
1234→23531,20
1235→34586,4
1236→38945,6
1237→32443,4
1238→21868,72
1239→38525,126
1240→35834,12
1241→38717,6
1242→24348,182
1243→30922,2
1244→23509,108
1245→29033,4
1246→26847,2
1247→38373,2
1248→37109,4
1249→21850,14
1250→20982,14
1251→26249,2
1252→31038,16
1253→27961,22
1254→35498,18
1255→39255,38
1256→38387,10
1257→38989,2
1258→39067,2
1259→28327,4
1260→33905,8
1261→33139,2
1262→39631,2
1263→30313,6
1264→21053,2
1265→40858,36
1266→20181,8
1267→32444,2
1268→21261,14
1269→32676,12
1270→24713,12
1271→29830,2
1272→26044,36
1273→34581,2
1274→23536,14
1275→38728,12
1276→40632,4
1277→24377,26
1278→26420,10
1279→30545,2
1280→22080,2
1281→29468,16
1282→35037,4
1283→26612,6
1284→21437,2
1285→24145,12
1286→32020,26
1287→25097,130
1288→36646,10
1289→27506,452
1290→34111,2
1291→34323,50
1292→20511,4
1293→33106,2
1294→31235,2
1295→34747,2
1296→35695,4
1297→22622,10
1298→39864,2
1299→36010,6
1300→21295,2
1301→20347,2
1302→25635,2
1303→23562,678
1304→29864,2
1305→32622,32
1306→25695,2
1307→21235,46
1308→37350,2
1309→24575,2
1310→35635,2
1311→30347,22
1312→31295,2
1313→26222,18
1314→21463,470
1315→34383,32
1316→26646,2
1317→27794,8
1318→26474,2
1319→30511,2
1320→24323,8
1321→33394,24
1322→33152,2
1323→32080,12
1324→20545,44
1325→36420,6
1326→21497,2
1327→31605,2
1328→26480,12
1329→40692,4
1330→23596,2
1331→34521,2
1332→33704,4
1333→20313,296
1334→25453,2
1335→33536,4
1336→24581,4
1337→20121,2
1338→37196,6
1339→32279,2
1340→23139,2
1341→35860,18
1342→27599,164
1343→26679,4
1344→29255,8
1345→21804,6
1346→38115,8
1347→40833,6
1348→38929,4
1349→24778,10
1350→35438,4
1351→29067,34
1352→31098,8
1353→28373,24
1354→22649,6
1355→39033,4
1356→20922,8
1357→33509,238
1358→36249,82
1359→28525,10
1360→35894,4
1361→22823,626
1362→34946,2
1363→38585,680
1364→33951,2
1365→32883,6
1366→25454,24
1367→24586,2
1368→37191,2
1369→20126,188
1370→23591,16
1371→22443,2
1372→33703,2
1373→36271,2
1374→20314,6
1375→31430,6
1376→26487,6
1377→27555,2
1378→40695,2
1379→36615,2
1380→20542,2
1381→21490,366
1382→36427,2
1383→31602,2
1384→35064,2
1385→35858,4
1386→33393,24
1387→24324,18
1388→32241,2
1389→37733,2
1390→38549,4
1391→21464,24
1392→29609,2
1393→23333,2
1394→34384,30
1395→26641,28
1396→32417,4
1397→21000,2
1398→37165,48
1399→38911,24
1400→30340,10
1401→31292,8
1402→23565,266
1403→35400,2
1404→29863,18
1405→26017,2
1406→25692,2
1407→24740,10
1408→21232,4
1409→28710,2
1410→38582,6
1411→40498,2
1412→36418,2
1413→33358,2
1414→39662,20
1415→22824,32
1416→34941,2
1417→39034,34
1418→39808,2
1419→30971,4
1420→22488,2
1421→29060,2
1422→26028,10
1423→21803,2
1424→32428,2
1425→38112,2
1426→36088,74
1427→40834,4
1428→35269,2
1429→38576,4
1430→20589,2
1431→21669,2
1432→35867,6
1433→25234,2
1434→32283,2
1435→33351,2
1436→34948,2
1437→27563,2
1438→31406,6
1439→35294,20
1440→27751,4
1441→39459,2
1442→25006,2
1443→30382,34
1444→33507,36
1445→25462,2
1446→20110,586
1447→24782,10
1448→34510,2
1449→31062,34
1450→35604,2
1451→28389,2
1452→24544,62
1453→32421,2
1454→25496,2
1455→38927,2
1456→38329,2
1457→35436,4
1458→23553,74
1459→31096,12
1460→26021,4
1461→32277,2
1462→40657,24
1463→34180,14
1464→27597,386
1465→30520,2
1466→24120,16
1467→40465,2
1468→32879,4
1469→21452,8
1470→28170,32
1471→27138,126
1472→39230,2
1473→33538,20
1474→36876,42
1475→37198,2
1476→22678,6
1477→28342,2
1478→25805,6
1479→28514,6
1480→35099,2
1481→22812,82
1482→39654,2
1483→39492,2
1484→29600,2
1485→29432,12
1486→35851,16
1487→38772,2
1488→40668,2
1489→31895,10
1490→38316,6
1491→38124,4
1492→36882,4
1493→38918,34
1494→21009,40
1495→21455,12
1496→37530,4
1497→39698,4
1498→23130,34
1499→27590,4
1500→35869,2
1501→35431,2
1502→23554,96
1503→29852,8
1504→26214,8
1505→32426,34
1506→38920,56
1507→37154,2
1508→21031,8
1509→24785,4
1510→39208,6
1511→37392,2
1512→20325,14
1513→31859,26
1514→34517,6
1515→27100,2
1516→23792,12
1517→31257,2
1518→33500,2
1519→20117,128
1520→26684,40
1521→33958,6
1522→25233,14
1523→21693,2
1524→40039,2
1525→38123,4
1526→32419,4
1527→28183,2
1528→38311,2
1529→29435,6
1530→35856,10
1531→38547,2
1532→24118,40
1533→33993,2
1534→35258,10
1535→39653,4
1536→25802,4
1537→33967,6
1538→28721,2
1539→27769,2
1540→20914,18
1541→25668,12
1542→25439,12
1543→38988,8
1544→28326,6
1545→28114,2
1546→27960,2
1547→38386,28
1548→20379,6
1549→23198,2
1550→34913,42
1551→39402,14
1552→33904,2
1553→22278,2
1554→35009,4
1555→35835,8
1556→22882,24
1557→21409,34
1558→29664,6
1559→20983,14
1560→40866,64
1561→37108,2
1562→26248,22
1563→23508,12
1564→27994,6
1565→29032,2
1566→32648,24
1567→22247,36
1568→23395,142
1569→27735,2
1570→30782,2
1571→33107,2
1572→25062,6
1573→20510,4
1574→36475,2
1575→37795,8
1576→22075,2
1577→34110,6
1578→31462,10
1579→22849,10
1580→21294,4
1581→20346,2
1582→34574,2
1583→22411,8
1584→28319,2
1585→31234,2
1586→26283,8
1587→25406,6
1588→39059,4
1589→40091,2
1590→36011,40
1591→20174,368
1592→32677,2
1593→24712,2
1594→26045,162
1595→29831,2
1596→35660,2
1597→32445,4
1598→40065,214
1599→21052,8
1600→40859,14
1601→20180,6
1602→37137,4
1603→28789,12
1604→26613,4
1605→25096,160
1606→32021,6
1607→24978,2
1608→24376,2
1609→35036,18
1610→29469,2
1611→26421,4
1612→31496,8
1613→30544,2
1614→27993,10
1615→29809,2
1616→21258,4
1617→24518,4
1618→29207,2
1619→32019,6
1620→25892,4
1621→23359,2
1622→29451,6
1623→28583,4
1624→22885,10
1625→35832,46
1626→24188,24
1627→39405,6
1628→31668,2
1629→34128,42
1630→28577,8
1631→34914,4
1632→39637,2
1633→27967,2
1634→28113,12
1635→26089,18
1636→39253,4
1637→33769,2
1638→38381,12
1639→32489,12
1640→36029,2
1641→31491,12
1642→26426,6
1643→23968,2
1644→35203,40
1645→40406,2
1646→32026,12
1647→21431,2
1648→29238,392
1649→32442,4
1650→38178,2
1651→21055,2
1652→38944,2
1653→32670,54
1654→35455,2
1655→34741,2
1656→25401,8
1657→40096,2
1658→33564,6
1659→36016,6
1660→20173,14
1661→33756,4
1662→21293,2
1663→20341,6
1664→27958,2
1665→31001,2
1666→39608,6
1667→20725,4
1668→28548,16
1669→27500,58
1670→22240,26
1671→30785,2
1672→27732,2
1673→33100,2
1674→30778,2
1675→25098,206
1676→38515,88
1677→24976,8
1678→24378,48
1679→29467,46
1680→23961,2
1681→35804,2
1682→38343,4
1683→40259,2
1684→26877,2
1685→23539,588
1686→29231,86
1687→40857,182
1688→20348,8
1689→28317,6
1690→33109,6
1691→24982,2
1692→36649,6
1693→32474,8
1694→38972,18
1695→21063,92
1696→26848,6
1697→35463,6
1698→23506,44
1699→30111,2
1700→32646,18
1701→21251,78
1702→23162,2
1703→29458,8
1704→26410,154
1705→25295,2
1706→32222,2
1707→38718,6
1708→24347,8
1709→32010,2
1710→21407,34
1711→24949,2
1712→34121,2
1713→22878,4
1714→31453,50
1715→36676,2
1716→24181,12
1717→20521,6
1718→22276,2
1719→27704,492
1720→31661,8
1721→39068,52
1722→32480,4
1723→20145,82
1724→39854,42
1725→21097,74
1726→36020,42
1727→22612,6
1728→22420,102
1729→35497,2
1730→34545,2
1731→26080,218
1732→27152,2
1733→25605,2
1734→36212,2
1735→25259,2
1736→28546,2
1737→29494,96
1738→23992,2
1739→22840,18
1740→31659,4
1741→39434,4
1742→33932,2
1743→24985,2
1744→28310,6
1745→40098,2
1746→20941,4
1747→38182,2
1748→36824,42
1749→39050,6
1750→36018,2
1751→22418,6
1752→20189,2
1753→38344,2
1754→39296,14
1755→21269,120
1756→29004,14
1757→29838,6
1758→30129,2
1759→35803,14
1760→38512,38
1761→22427,2
1762→27969,22
1763→34542,14
1764→26087,46
1765→28921,2
1766→27155,22
1767→25602,2
1768→36215,28
1769→32487,38
1770→20142,26
1771→36027,32
1772→22615,2
1773→33131,4
1774→24186,56
1775→37591,4
1776→22271,6
1777→29699,4
1778→27703,4
1779→27531,2
1780→31454,50
1781→36671,20
1782→24172,10
1783→37565,2
1784→22285,6
1785→30740,12
1786→26625,20
1787→26417,84
1788→32225,2
1789→40605,2
1790→21632,2
1791→36685,4
1792→29807,4
1793→24724,2
1794→33793,8
1795→32641,24
1796→20384,10
1797→21256,16
1798→38149,10
1799→24516,64
1800→32473,10
1801→37101,148
1802→34784,4
1803→23733,2
1804→30384,2
1805→23793,6
1806→20116,172
1807→36241,6
1808→33733,8
1809→31064,2
1810→28975,6
1811→31858,4
1812→34516,6
1813→28149,32
1814→21692,8
1815→20740,10
1816→31400,2
1817→27757,2
1818→26685,14
1819→35292,6
1820→36417,2
1821→20572,6
1822→40497,8
1823→21666,202
1824→37703,2
1825→39699,2
1826→24314,80
1827→27591,8
1828→35868,2
1829→34186,2
1830→35266,30
1831→29639,2
1832→37531,2
1833→32043,8
1834→38579,2
1835→40463,2
1836→37155,10
1837→21030,8
1838→24542,2
1839→32427,2
1840→25490,4
1841→21202,66
1842→31090,2
1843→26027,6
1844→30142,42
1845→35430,8
1846→23555,28
1847→36428,2
1848→39460,2
1849→22028,4
1850→38780,2
1851→33368,6
1852→29898,2
1853→31867,10
1854→27902,8
1855→28176,4
1856→20129,386
1857→39838,2
1858→24589,2
1859→20915,6
1860→36870,86
1861→31893,2
1862→37956,158
1863→32418,4
1864→24119,4
1865→29606,2
1866→30519,10
1867→35857,2
1868→38774,2
1869→21205,24
1870→40232,8
1871→26020,18
1872→35437,2
1873→26212,6
1874→38926,2
1875→37152,2
1876→21037,2
1877→24545,4
1878→32420,2
1879→23304,2
1880→35261,10
1881→21453,38
1882→20581,2
1883→32044,2
1884→33196,2
1885→24313,12
1886→27596,44
1887→23136,2
1888→34181,2
1889→35295,4
1890→40490,2
1891→33162,2
1892→20747,10
1893→34949,2
1894→27562,8
1895→31407,2
1896→34175,2
1897→20323,2
1898→24783,2
1899→31063,30
1900→34723,2
1901→20111,8
1902→36074,10
1903→36848,4
1904→25463,8
1905→35850,12
1906→32249,2
1907→40669,2
1908→33995,62
1909→37509,12
1910→39493,6
1911→38541,4
1912→38125,14
1913→35408,10
1914→28185,8
1915→38317,12
1916→37199,2
1917→33539,34
1918→20912,4
1919→36877,2
1920→39003,12
1921→28343,10
1922→31860,4
1923→27905,10
1924→35098,10
1925→20778,8
1926→39467,2
1927→38548,4
1928→27792,12
1929→29608,2
1930→34385,16
1931→26472,58
1932→35859,10
1933→30517,2
1934→35065,2
1935→37732,4
1936→21657,4
1937→40660,10
1938→33392,24
1939→26016,2
1940→23564,6
1941→21233,2
1942→36284,2
1943→37356,2
1944→32624,30
1945→32416,6
1946→24573,16
1947→30341,2
1948→31293,196
1949→22684,8
1950→30187,2
1951→31055,10
1952→34527,2
1953→20315,6
1954→36042,12
1955→20127,28
1956→37190,10
1957→31267,16
1958→29298,12
1959→36426,2
1960→21491,106
1961→33154,4
1962→25031,4
1963→27766,6
1964→31431,12
1965→35091,2
1966→40694,2
1967→40835,4
1968→21802,2
1969→38321,6
1970→26029,26
1971→26815,2
1972→22489,2
1973→21668,6
1974→38745,56
1975→35866,14
1976→29405,16
1977→34188,2
1978→35268,6
1979→38577,8
1980→39663,4
1981→35892,2
1982→22825,196
1983→28711,10
1984→32885,6
1985→38583,6
1986→40499,2
1987→31258,2
1988→36841,4
1989→39035,56
1990→39207,2
1991→25658,8
1992→28147,48
1993→26481,234
1994→27553,2
1995→34978,4
1996→22021,2
1997→35096,4
1998→36613,4
1999→38789,6
2000→21496,58
2001→39469,6
2002→25036,2
2003→28729,2
2004→37197,48
2005→20120,2
2006→36879,4
2007→33537,2
2008→31260,2
2009→27137,2
2010→30180,2
2011→34520,2
2012→33705,2
2013→21006,2
2014→37163,8
2015→38917,4
2016→24574,2
2017→26223,30
2018→31294,2
2019→30174,4
2020→29865,2
2021→26011,8
2022→23563,66
2023→35406,2
2024→37351,2
2025→40667,6
2026→24322,114
2027→21462,282
2028→32849,8
2029→24110,12
2030→40455,10
2031→26647,42
2032→27795,4
2033→35250,8
2034→34382,218
2035→39200,4
2036→27108,2
2037→27934,10
2038→28140,2
2039→28372,16
2040→36846,6
2041→37994,48
2042→20923,4
2043→34349,20
2044→32882,22
2045→38584,6
2046→39456,2
2047→35895,44
2048→24913,2
2049→38570,4
2050→38742,2
2051→35861,10
2052→23138,4
2053→38326,2
2054→29066,34
2055→26812,4
2056→29254,16
2057→40832,10
2058→38928,2
2059→38114,8
2060→25219,2
2061→28734,2
2062→20559,38
2063→29282,278
2064→36058,8
2065→20901,12
2066→36864,50
2067→33718,2
2068→27916,8
2069→31289,2
2070→29276,220
2071→38136,158
2072→36890,84
2073→30169,2
2074→29044,2
2075→28196,16
2076→37728,4
2077→38760,6
2078→35843,26
2079→29420,20
2080→32854,80
2081→33986,2
2082→32068,12
2083→38552,10
2084→31070,66
2085→28961,218
2086→22467,2
2087→34502,4
2088→27929,2
2089→33727,2
2090→20102,16
2091→36067,16
2092→33515,2
2093→22655,2
2094→25014,4
2095→40483,78
2096→33171,8
2097→38599,14
2098→27743,46
2099→26691,12
2100→22231,2
2101→27571,10
2102→35888,4
2103→36631,4
2104→20754,30
2105→32291,38
2106→25226,4
2107→21440,446
2108→20592,2
2109→32057,34
2110→24132,4
2111→26665,6
2112→35272,10
2113→23919,2
2114→27585,8
2115→26457,4
2116→23125,2
2117→21672,12
2118→32265,2
2119→24300,22
2120→29847,2
2121→35424,14
2122→23541,16
2123→21216,2
2124→24764,18
2125→40221,2
2126→32601,2
2127→38935,6
2128→37141,42
2129→36093,12
2130→21024,2
2131→25484,12
2132→26201,2
2133→29249,4
2134→35616,2
2135→23773,6
2136→34398,86
2137→29615,10
2138→24936,2
2139→38555,4
2140→24338,2
2141→35844,2
2142→36299,2
2143→40219,2
2144→26837,2
2145→30952,12
2146→36897,2
2147→31048,136
2148→27911,2
2149→28165,22
2150→28357,10
2151→25448,8
2152→25810,4
2153→39473,2
2154→34962,2
2155→22807,4
2156→28501,2
2157→37146,4
2158→24551,32
2159→32434,10
2160→26206,4
2161→30363,2
2162→35611,10
2163→29840,2
2164→26034,4
2165→35423,6
2166→23546,20
2167→21211,2
2168→30535,2
2169→21675,8
2170→38758,2
2171→32050,12
2172→24135,12
2173→30707,52
2174→35275,4
2175→27576,2
2176→31413,4
2177→36636,6
2178→21681,2
2179→36404,2
2180→33176,4
2181→27744,6
2182→26696,2
2183→31621,2
2184→20105,284
2185→39814,6
2186→36060,44
2187→20939,2
2188→31245,2
2189→23780,2
2190→31077,16
2191→27112,2
2192→28966,24
2193→29088,2
2194→34505,4
2195→33720,2
2196→26801,2
2197→21218,2
2198→21816,8
2199→24558,2
2200→38107,2
2201→28395,4
2202→40479,72
2203→38563,10
2204→29623,4
2205→23319,2
2206→35872,4
2207→39683,2
2208→20568,26
2209→25826,2
2210→38597,8
2211→35886,2
2212→21688,134
2213→39677,2
2214→27927,2
2215→30990,2
2216→28153,2
2217→29081,16
2218→31842,2
2219→37389,2
2220→33729,2
2221→36855,22
2222→37987,2
2223→23789,2
2224→20791,4
2225→24331,18
2226→26654,2
2227→34391,40
2228→33988,2
2229→21471,8
2230→32066,78
2231→26230,10
2232→31287,16
2233→35627,4
2234→21015,4
2235→37170,12
2236→38138,10
2237→40022,2
2238→36290,2
2239→32630,6
2240→24755,2
2241→23570,4
2242→35415,4
2243→34701,24
2244→20133,258
2245→25441,2
2246→33524,6
2247→36264,8
2248→20301,24
2249→30193,2
2250→31041,14
2251→27918,2
2252→22456,2
2253→36600,2
2254→40680,20
2255→26492,4
2256→34157,16
2257→28508,4
2258→33140,2
2259→32092,4
2260→25479,2
2261→20937,10
2262→30399,34
2263→34739,2
2264→28366,2
2265→31079,4
2266→28154,10
2267→31845,2
2268→20339,48
2269→39214,2
2270→24799,26
2271→35881,2
2272→22836,10
2273→27578,48
2274→38590,42
2275→33178,18
2276→26698,2
2277→22238,12
2278→35875,2
2279→24309,14
2280→24907,2
2281→21449,2
2282→32862,64
2283→38564,2
2284→21811,2
2285→23548,22
2286→38332,2
2287→34362,2
2288→21482,270
2289→33147,4
2290→40687,4
2291→25210,2
2292→22809,98
2293→27547,2
2294→35082,2
2295→25674,4
2296→29885,6
2297→31046,4
2298→23583,6
2299→28359,4
2300→36051,616
2301→39825,24
2302→20134,176
2303→39019,4
2304→20908,78
2305→24594,8
2306→21220,22
2307→37345,2
2308→32637,4
2309→24752,2
2310→23577,54
2311→26839,10
2312→35412,10
2313→30352,22
2314→37177,2
2315→36899,4
2316→32405,2
2317→26653,4
2318→27781,6
2319→35244,2
2320→34396,32
2321→23321,2
2322→21476,132
2323→40441,58
2324→24104,2
2325→39489,2
2326→20796,6
2327→21644,24
2328→40673,2
2329→30504,2
2330→23113,4
2331→34938,2
2332→27513,14
2333→33321,6
2334→24396,6
2335→20736,18
2336→36653,2
2337→39429,6
2338→36461,2
2339→22253,18
2340→23381,10
2341→27721,86
2342→25412,2
2343→40085,2
2344→20160,4
2345→34560,36
2346→26899,2
2347→28903,2
2348→25620,2
2349→32697,6
2350→33745,2
2351→21280,10
2352→32451,2
2353→24534,2
2354→33583,2
2355→21046,18
2356→37123,2
2357→38957,10
2358→35674,40
2359→26263,8
2360→34594,2
2361→35446,2
2362→29825,2
2363→26051,24
2364→32663,460
2365→21274,90
2366→35022,2
2367→31482,2
2368→26435,8
2369→24150,2
2370→40415,2
2371→35210,24
2372→26607,8
2373→38392,2
2374→40288,4
2375→36208,50
2376→27974,8
2377→28100,12
2378→31811,10
2379→39072,12
2380→36806,2
2381→39416,2
2382→39624,2
2383→20709,6
2384→22862,6
2385→34907,174
2386→29670,2
2387→26638,8
2388→38530,38
2389→25881,2
2390→28590,8
2391→35821,14
2392→38366,12
2393→24739,14
2394→20399,398
2395→29026,2
2396→34799,2
2397→30339,2
2398→39086,2
2399→38154,6
2400→20997,8
2401→38968,2
2402→40872,2
2403→38508,2
2404→25085,2
2405→32032,20
2406→23372,10
2407→30765,6
2408→23140,4
2409→35819,6
2410→26432,48
2411→31485,2
2412→24365,14
2413→37772,2
2414→21617,4
2415→23524,2
2416→34593,4
2417→35441,4
2418→30133,18
2419→26056,4
2420→29822,10
2421→24701,12
2422→21273,8
2423→32456,78
2424→40076,2
2425→39882,4
2426→38950,2
2427→37124,4
2428→35673,8
2429→26264,2
2430→28138,4
2431→22402,66
2432→28904,2
2433→39278,38
2434→32690,8
2435→21287,2
2436→20355,26
2437→21889,2
2438→40082,2
2439→36002,2
2440→20167,4
2441→31227,8
2442→36466,4
2443→23386,46
2444→27726,2
2445→22066,2
2446→34103,2
2447→31471,12
2448→27514,2
2449→25243,2
2450→20731,2
2451→36654,2
2452→23729,6
2453→29213,4
2454→32469,8
2455→38153,4
2456→33789,42
2457→37329,246
2458→27987,2
2459→26855,2
2460→25288,2
2461→21628,34
2462→35826,14
2463→30568,2
2464→29677,26
2465→35228,4
2466→38537,4
2467→32831,22
2468→22865,2
2469→34900,8
2470→28751,4
2471→27719,8
2472→28335,2
2473→36801,32
2474→20964,262
2475→20158,386
2476→25618,2
2477→38395,64
2478→28107,4
2479→34558,4
2480→27973,10
2481→32652,460
2482→35477,12
2483→23512,8
2484→26060,10
2485→29814,4
2486→23720,2
2487→40040,2
2488→20999,6
2489→24505,36
2490→32460,2
2491→37112,12
2492→23344,18
2493→22296,2
2494→31681,2
2495→26636,2
2496→32004,12
2497→24161,4
2498→21413,18
2499→32838,2
2500→37576,2
2501→32236,4
2502→21621,4
2503→37744,4
2504→35013,4
2505→30561,4
2506→27710,2
2507→36450,2
2508→33310,10
2509→36662,4
2510→27522,16
2511→34909,6
2512→40286,6
2513→20363,2
2514→22434,6
2515→27146,70
2516→34763,2
2517→31211,2
2518→36808,20
2519→32494,4
2520→20151,34
2521→36034,2
2522→21083,64
2523→23975,2
2524→35810,14
2525→40629,4
2526→24962,32
2527→29641,2
2528→26609,10
2529→40843,8
2530→21048,2
2531→29017,2
2532→24708,2
2533→38357,2
2534→39285,10
2535→20952,2
2536→38191,4
2537→36837,14
2538→39043,2
2539→21880,24
2540→26897,10
2541→31820,6
2542→23981,6
2543→31478,50
2544→24398,10
2545→39427,2
2546→25844,6
2547→24996,4
2548→34338,2
2549→31216,18
2550→33541,26
2551→32493,12
2552→25424,8
2553→20156,2
2554→38995,2
2555→21084,2
2556→36033,20
2557→39249,2
2558→20364,2
2559→26093,8
2560→27141,4
2561→30592,4
2562→34300,2
2563→22265,2
2564→31672,2
2565→33125,4
2566→36457,2
2567→24354,2
2568→30566,12
2569→35828,18
2570→22291,2
2571→26631,6
2572→31686,4
2573→32003,2
2574→38539,2
2575→21414,2
2576→37571,2
2577→27387,2
2578→32467,12
2579→21070,2
2580→24730,8
2581→20390,2
2582→37327,24
2583→21242,194
2584→39420,2
2585→36468,2
2586→28760,4
2587→23388,2
2588→39612,2
2589→34569,2
2590→39276,6
2591→21289,28
2592→38196,2
2593→39044,2
2594→36830,4
2595→31229,12
2596→29010,2
2597→26864,2
2598→39282,90
2599→37318,16
2600→38162,2
2601→32458,2
2602→24159,8
2603→38506,4
2604→35219,2
2605→35817,20
2606→21619,6
2607→24906,2
2608→21448,430
2609→29417,2
2610→35048,12
2611→35874,90
2612→38757,6
2613→24308,2
2614→23549,26
2615→38333,14
2616→28393,4
2617→28155,4
2618→31844,2
2619→29087,4
2620→33945,88
2621→32897,14
2622→22239,12
2623→28703,2
2624→35880,10
2625→32299,6
2626→36639,4
2627→22696,6
2628→30353,6
2629→31281,18
2630→32404,2
2631→36898,50
2632→24561,2
2633→40818,8
2634→38902,10
2635→24753,6
2636→23576,20
2637→26838,2
2638→40672,2
2639→24337,2
2640→32252,2
2641→21645,2
2642→29428,2
2643→26460,26
2644→34999,4
2645→30505,2
2646→27780,2
2647→40440,2
2648→32060,2
2649→39488,2
2650→24939,4
2651→21477,46
2652→36606,2
2653→22808,208
2654→26494,20
2655→27546,2
2656→27774,6
2657→32094,6
2658→20551,44
2659→21483,2
2660→27310,4
2661→39824,2
2662→36050,2
2663→20135,18
2664→20307,12
2665→23582,308
2666→22450,2
2667→30195,2
2668→28956,2
2669→31047,2
2670→28536,4
2671→35887,8
2672→22830,62
2673→38596,18
2674→25827,2
2675→36068,2
2676→39212,12
2677→33728,8
2678→38106,2
2679→29246,20
2680→26800,2
2681→29074,4
2682→38334,2
2683→23916,4
2684→38750,44
2685→40478,10
2686→32058,6
2687→23318,8
2688→25672,2
2689→34532,2
2690→31040,166
2691→22665,10
2692→20132,40
2693→31616,2
2694→32093,2
2695→25818,24
2696→36433,2
2697→21484,164
2698→40681,2
2699→39649,2
2700→25216,2
2701→36601,2
2702→35084,6
2703→22033,2
2704→35242,50
2705→34390,34
2706→26655,2
2707→24102,40
2708→33387,2
2709→21642,24
2710→35070,2
2711→32631,8
2712→24754,6
2713→36291,2
2714→35414,4
2715→29877,2
2716→29279,10
2717→22691,2
2718→26231,2
2719→21828,6
2720→32403,14
2721→38139,6
2722→40023,6
2723→21014,4
2724→37171,2
2725→28356,8
2726→20309,132
2727→31049,4
2728→28958,2
2729→39640,226
2730→28500,10
2731→22806,70
2732→28732,4
2733→39472,18
2734→24339,58
2735→20799,148
2736→35079,2
2737→35845,6
2738→34399,22
2739→39486,4
2740→32852,4
2741→21479,2
2742→33980,24
2743→29270,12
2744→38130,2
2745→37944,18
2746→36896,90
2747→32638,2
2748→31881,2
2749→23578,54
2750→40485,2
2751→36405,4
2752→32899,28
2753→35280,8
2754→27577,8
2755→22839,28
2756→36637,8
2757→20752,6
2758→27113,6
2759→24796,4
2760→33721,2
2761→25644,6
2762→20336,14
2763→25476,4
2764→39029,12
2765→20104,30
2766→23781,6
2767→28369,4
2768→31244,2
2769→35422,22
2770→22495,6
2771→23547,66
2772→28993,2
2773→40227,2
2774→32607,4
2775→37375,2
2776→21210,6
2777→25482,2
2778→32435,6
2779→35610,6
2780→26207,4
2781→30362,6
2782→32051,2
2783→20594,2
2784→37523,8
2785→35274,2
2786→27583,20
2787→26451,4
2788→40643,256
2789→38305,2
2790→25688,6
2791→28197,2
2792→35628,2
2793→29277,142
2794→24568,6
2795→29613,2
2796→32069,6
2797→38553,2
2798→24930,2
2799→38761,40
2800→35842,2
2801→26469,408
2802→25816,2
2803→39647,6
2804→38795,2
2805→28507,4
2806→33719,32
2807→27319,2
2808→20900,6
2809→36865,20
2810→36059,16
2811→34193,4
2812→35041,18
2813→27584,8
2814→32264,8
2815→40644,256
2816→37716,4
2817→24133,10
2818→33184,6
2819→35273,10
2820→30701,10
2821→24557,2
2822→38108,12
2823→32432,6
2824→37140,6
2825→36092,2
2826→29248,6
2827→35425,20
2828→31085,130
2829→26032,164
2830→30157,2
2831→24765,4
2832→36066,44
2833→22654,12
2834→34731,10
2835→31243,40
2836→22466,2
2837→34503,6
2838→31071,2
2839→28538,2
2840→27570,2
2841→35889,2
2842→32290,10
2843→40482,8
2844→38598,8
2845→27742,2
2846→26690,4
2847→31627,22
2848→31687,2
2849→22290,18
2850→32002,4
2851→40422,4
2852→38538,14
2853→21627,6
2854→36690,2
2855→32230,4
2856→25287,2
2857→26402,34
2858→35829,4
2859→28598,2
2860→37326,18
2861→20391,8
2862→21243,8
2863→24731,2
2864→40274,4
2865→32654,14
2866→26066,4
2867→30103,2
2868→27988,2
2869→26254,12
2870→30331,100
2871→38960,6
2872→24503,110
2873→20365,10
2874→26092,142
2875→31025,6
2876→28934,2
2877→22432,4
2878→27372,4
2879→38994,2
2880→36032,32
2881→39846,2
2882→21085,4
2883→33540,2
2884→25041,2
2885→36664,4
2886→27524,4
2887→34133,2
2888→40845,182
2889→40079,2
2890→32459,2
2891→26059,18
2892→26865,2
2893→37319,22
2894→30558,2
2895→32801,2
2896→24158,2
2897→28795,98
2898→29647,2
2899→22855,18
2900→22069,2
2901→29481,2
2902→25842,4
2903→36469,2
2904→33927,2
2905→23389,152
2906→39879,2
2907→38197,4
2908→36831,78
2909→21886,2
2910→39045,4
2911→26891,6
2912→31826,6
2913→28137,14
2914→27943,6
2915→39277,10
2916→25628,8
2917→33311,74
2918→27523,10
2919→31446,10
2920→27711,2
2921→22263,6
2922→37583,2
2923→24194,2
2924→22607,2
2925→34762,2
2926→40889,2
2927→20150,12
2928→39841,2
2929→36035,12
2930→32495,2
2931→25422,2
2932→33775,42
2933→22435,22
2934→35482,2
2935→30336,6
2936→35644,2
2937→23721,26
2938→34796,2
2939→38967,6
2940→21076,8
2941→20998,28
2942→32461,34
2943→38369,2
2944→24736,6
2945→29029,2
2946→40617,4
2947→24352,158
2948→22899,286
2949→31680,26
2950→35220,2
2951→21412,4
2952→32005,4
2953→27178,18
2954→31821,12
2955→26896,2
2956→27944,2
2957→38190,4
2958→39042,28
2959→36836,2
2960→39426,10
2961→25079,10
2962→34937,2
2963→22852,16
2964→31479,2
2965→29486,112
2966→39614,2
2967→32806,2
2968→38500,16
2969→26608,12
2970→28792,2
2971→29640,4
2972→35811,4
2973→23148,2
2974→26862,4
2975→35449,14
2976→38356,10
2977→24709,10
2978→39284,14
2979→21049,2
2980→29224,18
2981→20166,62
2982→38199,4
2983→35686,2
2984→27171,4
2985→31014,2
2986→34566,2
2987→28139,4
2988→21286,2
2989→20354,2
2990→39279,2
2991→27515,148
2992→37787,10
2993→36655,2
2994→25242,4
2995→33929,10
2996→23387,14
2997→22093,2
2998→36493,2
2999→32033,4
3000→25084,10
3001→26601,6
3002→29649,2
3003→21040,28
3004→37125,2
3005→32457,2
3006→33585,2
3007→40077,24
3008→35672,30
3009→27185,2
3010→30132,2
3011→35440,6
3012→21272,2
3013→32665,262
3014→24700,4
3015→34901,8
3016→38394,2
3017→40880,40
3018→20159,10
3019→39074,4
3020→37328,68
3021→33788,4
3022→27986,2
3023→29020,2
3024→32468,2
3025→39080,8
3026→21843,220
3027→20991,6
3028→31689,14
3029→38536,10
3030→21629,144
3031→38704,6
3032→25289,2
3033→22890,12
3034→35827,2
3035→30569,2
3036→26050,94
3037→29824,2
3038→23522,2
3039→35447,2
3040→32662,4
3041→24707,2
3042→38358,4
3043→21047,2
3044→20195,22
3045→37122,10
3046→24535,42
3047→30307,4
3048→26262,4
3049→32808,6
3050→24151,2
3051→32034,18
3052→35211,206
3053→26434,10
3054→35023,18
3055→22094,2
3056→23146,6
3057→24999,2
3058→36460,2
3059→25077,2
3060→31645,2
3061→22252,12
3062→23380,74
3063→27512,214
3064→29488,2
3065→34105,2
3066→37780,6
3067→36652,2
3068→25245,8
3069→28902,4
3070→26898,10
3071→21281,28
3072→20353,8
3073→32696,20
3074→33744,2
3075→20161,30
3076→40084,2
3077→33576,6
3078→34753,2
3079→32239,2
3080→35820,6
3081→29443,2
3082→29671,2
3083→25880,14
3084→38531,2
3085→29215,2
3086→21078,2
3087→38969,4
3088→39087,4
3089→38155,2
3090→20996,10
3091→20398,4
3092→27981,8
3093→35478,44
3094→26853,2
3095→36807,56
3096→39073,4
3097→33549,2
3098→20962,24
3099→39241,4
3100→38393,12
3101→28101,2
3102→27975,6
3103→20708,4
3104→31448,2
3105→22863,30
3106→34308,4
3107→33911,4
3108→38685,86
3109→25308,156
3110→39757,2
3111→28417,102
3112→28625,2
3113→39565,10
3114→20448,10
3115→28241,2
3116→36975,6
3117→36149,42
3118→39333,4
3119→33609,6
3120→27807,6
3121→28073,2
3122→29367,2
3123→31398,12
3124→36981,42
3125→37853,2
3126→24478,154
3127→38215,26
3128→21338,26
3129→31996,52
3130→29969,2
3131→38671,4
3132→26579,12
3133→34880,36
3134→40559,10
3135→39591,16
3136→24820,2
3137→33897,8
3138→32945,8
3139→27838,2
3140→27004,22
3141→31161,68
3142→33636,4
3143→24681,18
3144→36344,2
3145→20221,2
3146→36176,44
3147→20013,272
3148→23696,6
3149→22744,6
3150→30281,2
3151→27236,2
3152→31353,4
3153→40592,2
3154→38488,4
3155→25105,430
3156→22320,42
3157→26780,2
3158→31505,24
3159→33252,12
3160→39768,4
3161→32380,38
3162→20645,2
3163→36720,2
3164→24023,26
3165→33094,4
3166→20483,2
3167→21551,220
3168→35363,2
3169→19995,2
3170→34083,12
3171→26546,8
3172→27494,236
3173→30423,22
3174→24211,8
3175→23450,42
3176→35535,8
3177→30047,2
3178→29956,12
3179→24675,4
3180→21307,14
3181→32522,2
3182→36182,18
3183→37050,12
3184→23662,8
3185→29358,2
3186→30275,4
3187→26310,14
3188→30629,2
3189→38444,4
3190→33890,62
3191→24827,4
3192→24229,2
3193→20689,18
3194→29536,12
3195→35955,2
3196→23830,8
3197→34887,2
3198→32728,8
3199→23468,2
3200→29152,10
3201→22788,36
3202→36986,44
3203→21931,8
3204→37854,2
3205→20219,24
3206→28074,2
3207→31965,2
3208→34619,4
3209→28246,8
3210→20817,32
3211→22318,2
3212→39562,8
3213→36718,4
3214→22916,6
3215→34873,8
3216→40105,2
3217→36185,4
3218→21132,2
3219→37057,10
3220→23665,116
3221→35700,2
3222→23457,18
3223→29951,2
3224→26541,2
3225→30424,10
3226→27493,224
3227→38649,8
3228→37433,2
3229→24818,12
3230→21556,150
3231→19992,94
3232→33255,44
3233→33067,12
3234→40595,26
3235→25102,94
3236→20470,2
3237→32989,2
3238→35390,10
3239→26787,6
3240→20828,10
3241→36171,8
3242→20014,38
3243→27231,6
3244→31354,22
3245→34414,2
3246→31166,120
3247→25754,2
3248→33631,2
3249→36343,2
3250→37291,14
3251→29164,2
3252→30875,2
3253→38224,20
3254→21309,54
3255→24449,102
3256→29356,214
3257→35709,8
3258→28284,6
3259→40568,6
3260→38472,88
3261→32974,4
3262→29732,2
3263→38640,2
3264→39554,2
3265→25937,16
3266→28614,2
3267→28426,2
3268→34079,2
3269→35997,176
3270→29190,2
3271→22578,2
3272→27836,4
3273→33638,4
3274→39302,6
3275→37298,4
3276→20821,116
3277→36944,2
3278→28270,2
3279→27238,2
3280→32345,2
3281→24220,22
3282→40765,2
3283→23005,4
3284→23839,10
3285→30412,4
3286→34280,2
3287→35352,42
3288→26745,4
3289→32177,10
3290→40557,6
3291→21560,4
3292→29369,96
3293→22781,558
3294→23653,28
3295→26321,42
3296→30244,2
3297→40133,2
3298→32513,6
3299→37061,14
3300→37253,4
3301→21336,76
3302→36381,4
3303→35504,20
3304→31998,6
3305→23461,8
3306→20022,2
3307→37095,2
3308→36147,6
3309→39933,2
3310→33607,8
3311→20210,110
3312→23495,44
3313→27809,8
3314→31150,6
3315→27035,14
3316→39759,52
3317→25306,2
3318→33263,22
3319→40791,4
3320→36711,2
3321→20674,4
3322→22123,4
3323→27451,2
3324→31534,10
3325→27663,328
3326→31706,4
3327→25134,12
3328→33051,2
3329→36523,74
3330→37891,2
3331→20826,20
3332→25568,2
3333→36943,2
3334→31954,2
3335→29197,2
3336→31168,18
3337→28879,78
3338→24688,6
3339→39761,2
3340→36729,2
3341→39553,2
3342→19968,44
3343→22329,4
3344→35158,2
3345→38647,68
3346→24218,318
3347→38475,16
3348→24816,2
3349→37059,4
3350→29351,8
3351→28283,48
3352→26319,4
3353→23459,46
3354→38223,2
3355→32719,36
3356→27664,18
3357→32184,12
3358→25133,2
3359→21593,8
3360→36524,12
3361→20441,2
3362→40796,2
3363→36716,12
3364→22124,8
3365→27456,4
3366→22918,4
3367→26584,2
3368→33600,8
3369→25765,2
3370→36372,2
3371→34425,14
3372→23492,18
3373→27032,2
3374→28846,2
3375→22772,108
3376→28248,4
3377→31365,10
3378→20819,4
3379→33432,2
3380→37092,24
3381→20025,28
3382→36140,4
3383→40306,2
3384→24643,12
3385→25791,2
3386→37254,2
3387→21331,16
3388→23466,44
3389→26114,10
3390→35731,26
3391→22786,2
3392→23654,2
3393→24471,192
3394→40134,2
3395→36988,6
3396→37066,10
3397→21103,10
3398→23230,10
3399→26742,2
3400→32170,2
3401→40550,2
3402→21567,358
3403→32342,2
3404→33290,46
3405→38678,4
3406→20687,6
3407→23002,24
3408→35167,2
3409→30415,2
3410→34829,4
3411→27402,8
3412→31567,4
3413→34015,2
3414→22170,10
3415→24287,64
3416→20415,26
3417→39538,2
3418→33002,6
3419→31755,338
3420→34227,2
3421→28678,6
3422→23290,2
3423→36928,24
3424→35791,10
3425→34643,2
3426→31103,46
3427→32786,10
3428→25731,4
3429→38846,2
3430→37032,2
3431→24425,2
3432→30217,2
3433→35765,2
3434→26140,88
3435→29934,2
3436→23432,70
3437→21365,10
3438→24617,2
3439→40352,2
3440→32772,14
3441→26524,26
3442→31593,2
3443→22184,4
3444→37664,2
3445→24273,4
3446→40736,24
3447→32918,18
3448→21533,10
3449→25193,6
3450→24041,18
3451→23264,6
3452→35301,2
3453→36319,2
3454→38283,30
3455→31900,6
3456→27865,2
3457→33459,10
3458→20872,14
3459→36917,4
3460→34218,10
3461→29795,2
3462→25964,100
3463→25158,4
3464→39735,4
3465→31558,6
3466→28475,2
3467→26729,2
3468→29761,10
3469→38421,6
3470→38613,32
3471→35930,40
3472→22987,124
3473→28481,2
3474→20288,36
3475→26943,2
3476→30826,6
3477→27891,50
3478→29305,10
3479→38045,2
3480→20886,2
3481→37831,2
3482→21534,6
3483→25194,2
3484→24046,48
3485→40503,2
3486→30446,34
3487→37663,2
3488→32311,4
3489→30022,6
3490→35550,2
3491→23435,32
3492→37207,4
3493→32775,24
3494→21150,8
3495→24422,12
3496→33495,8
3497→40167,22
3498→32547,2
3499→35762,10
3500→34476,2
3501→36321,12
3502→39369,2
3503→36113,2
3504→38089,4
3505→25504,6
3506→26381,76
3507→35796,2
3508→22721,4
3509→25160,10
3510→36745,8
3511→25352,2
3512→27298,2
3513→23638,56
3514→37836,2
3515→20881,14
3516→40158,6
3517→32578,6
3518→21953,2
3519→33698,2
3520→26178,50
3521→29130,2
3522→27896,6
3523→38614,14
3524→35937,90
3525→29554,32
3526→31799,10
3527→32920,2
3528→24845,2
3529→24079,6
3530→38426,12
3531→22974,38
3532→28472,4
3533→27608,2
3534→25963,2
3535→33806,2
3536→31309,28
3537→20875,2
3538→36910,2
3539→38284,2
3540→25709,2
3541→39356,2
3542→20286,2
3543→33691,2
3544→30014,12
3545→23403,326
3546→23631,4
3547→35754,2
3548→37003,10
3549→24414,520
3550→20888,2
3551→40151,2
3552→26727,2
3553→31790,2
3554→35330,2
3555→22387,4
3556→23255,2
3557→37467,4
3558→32929,8
3559→24070,14
3560→32115,8
3561→36787,2
3562→40707,2
3563→32327,6
3564→22989,2
3565→23067,4
3566→22373,2
3567→28649,6
3568→34216,2
3569→24084,2
3570→33033,8
3571→39509,16
3572→36773,70
3573→30484,248
3574→36317,8
3575→27057,2
3576→28823,2
3577→26185,72
3578→22525,4
3579→31300,2
3580→36125,176
3581→25532,2
3582→33457,34
3583→29562,6
3584→40738,2
3585→38622,32
3586→32318,12
3587→38410,2
3588→29750,4
3589→38074,2
3590→29334,4
3591→29106,2
3592→35559,10
3593→39394,4
3594→24619,2
3595→36926,4
3596→20843,70
3597→33468,4
3598→26388,32
3599→28212,6
3600→28020,2
3601→36328,2
3602→32788,2
3603→31569,14
3604→23890,6
3605→24289,2
3606→24887,2
3607→33830,8
3608→25955,36
3609→39536,6
3610→25169,8
3611→21195,46
3612→20047,10
3613→33450,2
3614→36310,2
3615→22522,16
3616→36774,8
3617→23094,4
3618→27606,2
3619→22374,2
3620→37494,4
3621→33034,12
3622→25151,30
3623→24245,30
3624→40700,14
3625→26512,42
3626→30645,4
3627→23252,50
3628→21505,8
3629→40532,4
3630→38428,22
3631→32112,4
3632→27296,2
3633→30221,4
3634→26344,2
3635→35753,26
3636→21161,6
3637→40156,2
3638→24413,520
3639→37236,2
3640→40364,2
3641→33696,4
3642→30013,2
3643→27898,8
3644→39531,10
3645→22179,12
3646→26981,2
3647→21398,2
3648→20844,254
3649→35798,2
3650→26149,182
3651→38241,4
3652→32549,6
3653→40169,4
3654→23609,260
3655→38417,26
3656→32972,2
3657→24817,4
3658→29734,4
3659→38646,4
3660→23458,112
3661→32718,2
3662→37864,2
3663→31169,92
3664→28044,6
3665→30887,8
3666→39304,10
3667→25569,8
3668→36942,56
3669→32986,2
3670→39552,12
3671→38480,14
3672→33068,2
3673→19969,386
3674→27468,6
3675→36728,6
3676→30242,2
3677→22787,2
3678→35730,2
3679→36989,32
3680→32515,4
3681→37255,10
3682→21330,14
3683→36387,2
3684→24642,2
3685→26115,32
3686→30070,26
3687→23467,198
3688→21754,2
3689→20686,2
3690→40763,26
3691→30414,8
3692→35166,2
3693→30626,2
3694→26743,2
3695→23231,2
3696→35354,4
3697→21566,32
3698→32171,2
3699→40551,2
3700→25300,4
3701→27457,2
3702→26585,8
3703→22919,82
3704→27665,78
3705→22317,10
3706→36525,2
3707→21592,46
3708→20440,12
3709→25132,2
3710→32185,2
3711→20024,20
3712→36141,2
3713→20818,148
3714→33433,2
3715→25764,6
3716→29995,66
3717→28847,2
3718→23493,154
3719→34078,2
3720→20478,10
3721→33853,2
3722→39555,4
3723→38487,2
3724→28615,2
3725→35398,6
3726→36179,14
3727→20820,28
3728→39131,46
3729→36945,2
3730→28271,42
3731→29191,6
3732→27837,8
3733→33639,4
3734→24448,18
3735→29165,6
3736→26911,2
3737→26549,2
3738→35962,14
3739→38641,2
3740→24810,2
3741→40569,6
3742→38473,4
3743→29733,2
3744→20211,2
3745→33606,38
3746→25763,2
3747→29992,606
3748→30083,2
3749→23494,16
3750→31363,8
3751→22774,196
3752→37094,12
3753→20023,70
3754→36146,20
3755→20447,2
3756→33050,2
3757→36710,170
3758→25307,16
3759→27450,2
3760→31535,2
3761→26582,2
3762→28418,6
3763→22122,2
3764→35195,2
3765→23236,2
3766→34281,8
3767→21561,16
3768→32176,38
3769→24013,6
3770→40556,2
3771→20681,14
3772→37636,2
3773→33296,12
3774→30413,10
3775→26576,8
3776→23004,124
3777→40300,2
3778→25797,6
3779→23460,176
3780→28088,2
3781→26320,36
3782→31397,6
3783→30245,2
3784→35737,12
3785→22780,2
3786→23652,2
3787→__pycache__,0
3788→40132,6
3789→32512,6
3790→34618,2
3791→36973,8
3792→25558,2
3793→28849,2
3794→27801,34
3795→28075,6
3796→31964,4
3797→36719,2
3798→40799,4
3799→39751,4
3800→27459,2
3801→28411,2
3802→22319,8
3803→33865,14
3804→25900,2
3805→33059,4
3806→39563,8
3807→24228,2
3808→33891,40
3809→32943,2
3810→21568,2
3811→26329,2
3812→22789,2
3813→21930,46
3814→37855,2
3815→32729,4
3816→31990,6
3817→32988,118
3818→40594,8
3819→25103,26
3820→26786,2
3821→31731,2
3822→31503,6
3823→34071,2
3824→36726,2
3825→25331,2
3826→32386,6
3827→31167,6
3828→34415,8
3829→30889,16
3830→22570,8
3831→37290,2
3832→33630,2
3833→24687,10
3834→36170,2
3835→20015,2
3836→39138,2
3837→33402,24
3838→27230,2
3839→23690,2
3840→30041,22
3841→26124,48
3842→23456,16
3843→35533,6
3844→21301,2
3845→37264,2
3846→21133,12
3847→36184,8
3848→32524,4
3849→24441,10
3850→40104,4
3851→23664,34
3852→24819,10
3853→40560,58
3854→32140,8
3855→26772,2
3856→35365,2
3857→19993,150
3858→27492,46
3859→29508,14
3860→34085,8
3861→23032,4
3862→24217,64
3863→25799,100
3864→38214,2
3865→30079,6
3866→29366,12
3867→36980,4
3868→38026,16
3869→37852,2
3870→29702,14
3871→38442,2
3872→33298,34
3873→38670,2
3874→31709,4
3875→33862,8
3876→20449,64
3877→39564,4
3878→38684,8
3879→25309,156
3880→34875,14
3881→27208,6
3882→29392,10
3883→36148,2
3884→36974,12
3885→20811,180
3886→26547,2
3887→30422,62
3888→23035,2
3889→24210,52
3890→20482,6
3891→21550,4
3892→24022,26
3893→32147,20
3894→26775,10
3895→30610,2
3896→19994,16
3897→35362,22
3898→23207,4
3899→36183,10
3900→37051,10
3901→21908,2
3902→40103,8
3903→30274,2
3904→26311,10
3905→23663,204
3906→29359,6
3907→30046,6
3908→28885,4
3909→23451,4
3910→21306,18
3911→24674,18
3912→33405,2
3913→30280,2
3914→31352,6
3915→23697,6
3916→22745,4
3917→31160,2
3918→34412,8
3919→27839,4
3920→22577,22
3921→24680,2
3922→33637,2
3923→35998,312
3924→27461,8
3925→21796,4
3926→33253,12
3927→32381,2
3928→36513,2
3929→40593,26
3930→25104,320
3931→26781,12
3932→27653,2
3933→35336,6
3934→23253,2
3935→26721,6
3936→24076,4
3937→32113,6
3938→40701,24
3939→32321,4
3940→36781,200
3941→21736,2
3942→35938,4
3943→32745,6
3944→20280,6
3945→29903,2
3946→23637,10
3947→34680,2
3948→35752,6
3949→30220,2
3950→26345,2
3951→37839,2
3952→40157,2
3953→21160,24
3954→31908,8
3955→28825,14
3956→25534,8
3957→33451,2
3958→36123,2
3959→20046,306
3960→34210,2
3961→31762,6
3962→27607,2
3963→25150,4
3964→33809,6
3965→34022,2
3966→31550,6
3967→32548,2
3968→37806,26
3969→23608,66
3970→29100,6
3971→38240,20
3972→30449,6
3973→38624,20
3974→21709,24
3975→24049,100
3976→38416,2
3977→32910,2
3978→35309,2
3979→29756,2
3980→28684,2
3981→29590,10
3982→28442,4
3983→34821,8
3984→23896,2
3985→39530,8
3986→33836,550
3987→39154,38
3988→36920,16
3989→20845,126
3990→35799,24
3991→31339,8
3992→27852,2
3993→31937,2
3994→36772,8
3995→23092,2
3996→34819,2
3997→22372,18
3998→27600,2
3999→33032,8
4000→34673,2
4001→22716,2
4002→27264,10
4003→31301,2
4004→36918,2
4005→33456,6
4006→21193,8
4007→20041,180
4008→27056,2
4009→35755,6
4010→32570,10
4011→39198,2
4012→20889,20
4013→40150,2
4014→24415,2
4015→38876,2
4016→37002,18
4017→32742,4
4018→24627,12
4019→40362,6
4020→21355,174
4021→23402,2
4022→29138,2
4023→24243,2
4024→32326,8
4025→25391,22
4026→36786,110
4027→26514,2
4028→30471,2
4029→23254,2
4030→40534,2
4031→32114,18
4032→32928,8
4033→26987,2
4034→31930,2
4035→32789,14
4036→39361,8
4037→39153,6
4038→33469,6
4039→38081,4
4040→26389,310
4041→39537,6
4042→33831,16
4043→25954,266
4044→22943,4
4045→31568,2
4046→38411,4
4047→28683,2
4048→29563,112
4049→23059,2
4050→26973,2
4051→35558,6
4052→24618,4
4053→21964,8
4054→38075,36
4055→37801,4
4056→21158,174
4057→38849,2
4058→33460,2
4059→36112,2
4060→35797,8
4061→34645,2
4062→31337,2
4063→28028,2
4064→31105,16
4065→28814,16
4066→32780,46
4067→34013,8
4068→31561,8
4069→25353,6
4070→24281,6
4071→36744,6
4072→20621,4
4073→25161,4
4074→26522,22
4075→32310,2
4076→24275,10
4077→37662,10
4078→32122,2
4079→38418,2
4080→21535,4
4081→37450,2
4082→40166,2
4083→24423,2
4084→32546,6
4085→20083,14
4086→37034,30
4087→21151,52
4088→35763,16
4089→30211,2
4090→35551,2
4091→32774,6
4092→37206,2
4093→21363,132
4094→28641,2
4095→27609,4
4096→39501,2
4097→33807,4
4098→28473,2
4099→31906,2
4100→27863,6
4101→31308,16
4102→20874,228
4103→36911,6
4104→39165,12
4105→20048,126
4106→38271,306
4107→37239,4
4108→29131,2
4109→26179,4
4110→20880,28
4111→40159,2
4112→39191,6
4113→32579,2
4114→21952,4
4115→35338,40
4116→32921,8
4117→28487,2
4118→35556,18
4119→23433,160
4120→29935,2
4121→40353,2
4122→24616,22
4123→32773,124
4124→21364,6
4125→33493,6
4126→32541,6
4127→39995,2
4128→35764,2
4129→23601,48
4130→24040,40
4131→23265,4
4132→23057,2
4133→26525,12
4134→32317,8
4135→24272,2
4136→21700,2
4137→37665,20
4138→39539,8
4139→33003,2
4140→22343,24
4141→30686,4
4142→27631,2
4143→29599,4
4144→24286,2
4145→36743,10
4146→26989,16
4147→27067,6
4148→33655,2
4149→21390,6
4150→33467,96
4151→36929,6
4152→20070,110
4153→35790,14
4154→22727,14
4155→26387,6
4156→31330,12
4157→38612,14
4158→22986,10
4159→22388,4
4160→29760,2
4161→38420,10
4162→25991,296
4163→30229,6
4164→38044,6
4165→24629,6
4166→20289,6
4167→35569,16
4168→22718,4
4169→28222,6
4170→20873,18
4171→36916,2
4172→31901,4
4173→28010,14
4174→25159,10
4175→25965,2
4176→33800,2
4177→28857,6
4178→29985,4
4179→31146,10
4180→25774,2
4181→33611,2
4182→36151,6
4183→20034,4
4184→37083,2
4185→39119,2
4186→20808,290
4187→24494,36
4188→27211,18
4189→31374,4
4190→34606,4
4191→22763,64
4192→25122,2
4193→27675,2
4194→22307,80
4195→22909,190
4196→33275,14
4197→24838,4
4198→21576,14
4199→40541,2
4200→39589,2
4201→26753,34
4202→30636,14
4203→35344,2
4204→23221,4
4205→34898,2
4206→38669,24
4207→33281,8
4208→32353,6
4209→30060,6
4210→26105,2
4211→29971,4
4212→23477,10
4213→21320,106
4214→32737,2
4215→36999,4
4216→32505,2
4217→40125,4
4218→24460,60
4219→26337,14
4220→22797,64
4221→36738,4
4222→39770,164
4223→35981,12
4224→22936,30
4225→19979,92
4226→32996,30
4227→36952,92
4228→20837,246
4229→20239,34
4230→24699,4
4231→31179,106
4232→37048,6
4233→32708,4
4234→38232,2
4235→23448,70
4236→30863,4
4237→24209,2
4238→38656,12
4239→35149,10
4240→30609,2
4241→24807,10
4242→32962,2
4243→37070,36
4244→38804,2
4245→32502,8
4246→24467,154
4247→38038,6
4248→23642,2
4249→22790,16
4250→29378,18
4251→29976,36
4252→26102,50
4253→23470,198
4254→36390,2
4255→21327,6
4256→37242,4
4257→25787,14
4258→32730,6
4259→23828,22
4260→23014,16
4261→33286,20
4262→33888,2
4263→32166,42
4264→35343,2
4265→31525,2
4266→22132,2
4267→28408,2
4268→33272,4
4269→39748,2
4270→25919,54
4271→33040,6
4272→22300,2
4273→36156,12
4274→37084,8
4275→33424,2
4276→27216,10
4277→31373,2
4278→34601,6
4279→22764,78
4280→29982,30
4281→23484,44
4282→36364,4
4283→25773,16
4284→33616,22
4285→29723,4
4286→24800,60
4287→40579,14
4288→38463,16
4289→38651,12
4290→38235,2
4291→30058,46
4292→28295,2
4293→21916,136
4294→38007,4
4295→39313,4
4296→27827,288
4297→28053,8
4298→36169,8
4299→39121,2
4300→35388,2
4301→39545,34
4302→22931,2
4303→28437,4
4304→21775,2
4305→37610,10
4306→32362,6
4307→24207,18
4308→30435,66
4309→29518,2
4310→19983,4
4311→21547,16
4312→24809,2
4313→20495,8
4314→32150,2
4315→40570,2
4316→23674,2
4317→37046,2
4318→21123,8
4319→36194,8
4320→24451,18
4321→32534,6
4322→21311,6
4323→29940,6
4324→28892,2
4325→20005,44
4326→36160,2
4327→33412,2
4328→20839,138
4329→20237,8
4330→33620,6
4331→25745,8
4332→31177,60
4333→28866,6
4334→36736,4
4335→20653,2
4336→25321,100
4337→32396,12
4338→31513,2
4339→31721,4
4340→34253,8
4341→19977,74
4342→22336,2
4343→20461,16
4344→40584,2
4345→23479,4
4346→36399,6
4347→38203,2
4348→37079,4
4349→38031,2
4350→22799,116
4351→21578,358
4352→34298,4
4353→35944,2
4354→35178,10
4355→20698,4
4356→25910,28
4357→22309,2
4358→27449,2
4359→40789,6
4360→20208,14
4361→20806,30
4362→36963,74
4363→31726,10
4364→26791,8
4365→34254,6
4366→22331,2
4367→35386,2
4368→19970,24
4369→25114,38
4370→40583,8
4371→33071,2
4372→38499,6
4373→36731,2
4374→25326,2
4375→35988,2
4376→33627,6
4377→28861,8
4378→27015,4
4379→34402,100
4380→27227,2
4381→36167,2
4382→33415,2
4383→21316,80
4384→32701,164
4385→26133,2
4386→29947,2
4387→28895,2
4388→35524,6
4389→37041,2
4390→36193,4
4391→24456,2
4392→32533,4
4393→23217,2
4394→19984,78
4395→20492,2
4396→32157,2
4397→24032,20
4398→32365,8
4399→40745,2
4400→34092,2
4401→35140,44
4402→36158,18
4403→20801,200
4404→39110,4
4405→22558,2
4406→28062,2
4407→33618,10
4408→34865,38
4409→22900,52
4410→39746,4
4411→25917,2
4412→39574,4
4413→23826,2
4414→29520,2
4415→33288,92
4416→38660,6
4417→32954,2
4418→39580,2
4419→38452,38
4420→40548,16
4421→29712,2
4422→24469,4
4423→29376,12
4424→29978,32
4425→30069,132
4426→28096,2
4427→21329,76
4428→39376,2
4429→26990,4
4430→27842,2
4431→35789,22
4432→28204,6
4433→31329,10
4434→20855,58
4435→21987,34
4436→39144,38
4437→36930,92
4438→27628,4
4439→25943,14
4440→34831,2
4441→23886,2
4442→22954,2
4443→29746,4
4444→38406,6
4445→32900,142
4446→38634,74
4447→21719,2
4448→29574,16
4449→37218,6
4450→26964,2
4451→29322,10
4452→23618,2
4453→38062,4
4454→32558,6
4455→27425,68
4456→25140,28
4457→24092,8
4458→36557,62
4459→33441,2
4460→32593,22
4461→20056,156
4462→36133,14
4463→34664,6
4464→27273,2
4465→22533,10
4466→31918,6
4467→35584,16
4468→28009,8
4469→31124,4
4470→25716,4
4471→24402,214
4472→32567,2
4473→37015,6
4474→38861,2
4475→21170,2
4476→23627,8
4477→34690,2
4478→26355,12
4479→30230,2
4480→27287,4
4481→27889,2
4482→30002,172
4483→32755,4
4484→23071,4
4485→26503,4
4486→25386,6
4487→40711,2
4488→24254,14
4489→24066,22
4490→23243,2
4491→22391,2
4492→31786,2
4493→29325,4
4494→30208,2
4495→38065,26
4496→38859,118
4497→24608,6
4498→39385,20
4499→26963,2
4500→35548,4
4501→32309,2
4502→40729,6
4503→38633,56
4504→23049,2
4505→35910,22
4506→28693,12
4507→38401,16
4508→32907,2
4509→37449,4
4510→39715,2
4511→24298,22
4512→29587,2
4513→22953,2
4514→31578,2
4515→33821,4
4516→22739,2
4517→28203,8
4518→26399,44
4519→20852,92
4520→33479,6
4521→39143,6
4522→21980,14
4523→36339,4
4524→26997,16
4525→28031,4
4526→27845,2
4527→24061,6
4528→21513,350
4529→32938,2
4530→23244,2
4531→30653,8
4532→26736,4
4533→25381,2
4534→24253,14
4535→21721,4
4536→29128,8
4537→30839,6
4538→26160,84
4539→29914,4
4540→30005,12
4541→40372,16
4542→32752,8
4543→37220,2
4544→40140,2
4545→20899,20
4546→24405,96
4547→32560,2
4548→35745,6
4549→26352,404
4550→27280,10
4551→34451,2
4552→26194,4
4553→27046,14
4554→33674,52
4555→40386,4
4556→25711,10
4557→33446,4
4558→36908,12
4559→38892,2
4560→21183,2
4561→34207,2
4562→22362,10
4563→27610,2
4564→31775,8
4565→30495,68
4566→34809,2
4567→25375,6
4568→33210,12
4569→36762,2
4570→20607,4
4571→35926,42
4572→30468,6
4573→38605,78
4574→25986,6
4575→29777,2
4576→35328,132
4577→39181,12
4578→21942,20
4579→37827,2
4580→23629,4
4581→29313,12
4582→30830,2
4583→27887,8
4584→38261,2
4585→33689,4
4586→20864,10
4587→39949,2
4588→28235,4
4589→27873,2
4590→39347,6
4591→25718,2
4592→22159,4
4593→28463,4
4594→39511,4
4595→25972,4
4596→29783,4
4597→28651,2
4598→32764,20
4599→24601,2
4600→23424,2
4601→27084,2
4602→26156,2
4603→29922,6
4604→23616,8
4605→35773,6
4606→30201,2
4607→26364,30
4608→33484,12
4609→37024,2
4610→29748,30
4611→38408,2
4612→21525,60
4613→24265,34
4614→40720,2
4615→21717,8
4616→23040,4
4617→22354,8
4618→30691,14
4619→33014,6
4620→25171,2
4621→24291,84
4622→33226,2
4623→25343,2
4624→23888,6
4625→39378,34
4626→33642,4
4627→21387,2
4628→36330,4
4629→20255,18
4630→34467,4
4631→31929,2
4632→31115,14
4633→34655,6
4634→35787,6
4635→31327,2
4636→21989,6
4637→40182,8
4638→39976,2
4639→28656,2
4640→22962,2
4641→27874,14
4642→39340,394
4643→38292,28
4644→40388,2
4645→33448,2
4646→27880,10
4647→24639,2
4648→38054,30
4649→20897,2
4650→29314,12
4651→38430,2
4652→37478,6
4653→22996,18
4654→38602,2
4655→40718,404
4656→32338,8
4657→36798,24
4658→22737,14
4659→26397,68
4660→36939,14
4661→25512,8
4662→21380,12
4663→26999,8
4664→36753,2
4665→29589,4
4666→34838,4
4667→22353,4
4668→23281,2
4669→31744,2
4670→39529,20
4671→25176,2
4672→36561,2
4673→37675,24
4674→22195,2
4675→23047,10
4676→30450,4
4677→26707,10
4678→25182,2
4679→21522,6
4680→23611,4
4681→35774,10
4682→30206,2
4683→33483,2
4684→39985,2
4685→20094,28
4686→38857,8
4687→32763,8
4688→38259,2
4689→23423,2
4690→27083,6
4691→26151,14
4692→40112,2
4693→32532,2
4694→21919,2
4695→37040,2
4696→36192,6
4697→24665,8
4698→32700,2
4699→21317,100
4700→23440,94
4701→31185,4
4702→26132,46
4703→34093,4
4704→30433,44
4705→26556,18
4706→35373,10
4707→19985,70
4708→32156,2
4709→24033,14
4710→40576,6
4711→20493,4
4712→25327,8
4713→33242,6
4714→36730,2
4715→34067,2
4716→27470,2
4717→31515,8
4718→34255,30
4719→19971,56
4720→22330,24
4721→26790,118
4722→25115,2
4723→38498,2
4724→25929,6
4725→20467,2
4726→34631,8
4727→25571,8
4728→20003,2
4729→39912,2
4730→36166,2
4731→33626,2
4732→24691,4
4733→31171,6
4734→27014,2
4735→28860,2
4736→39581,6
4737→38453,6
4738→40549,2
4739→32955,2
4740→34890,2
4741→35942,10
4742→38661,2
4743→33289,48
4744→31986,4
4745→30068,26
4746→38205,4
4747→25788,2
4748→36991,16
4749→35728,20
4750→31388,6
4751→28063,2
4752→33619,2
4753→20800,6
4754→36965,14
4755→36159,6
4756→28251,18
4757→33873,4
4758→20458,4
4759→28635,2
4760→31718,2
4761→39747,2
4762→38695,4
4763→24696,2
4764→25744,8
4765→34404,6
4766→23681,452
4767→31344,12
4768→30296,2
4769→20838,386
4770→39129,4
4771→20004,14
4772→36161,12
4773→39915,2
4774→35380,2
4775→19976,6
4776→26797,6
4777→25112,36
4778→32999,2
4779→25320,2
4780→36737,2
4781→20652,2
4782→19982,18
4783→24034,14
4784→24808,2
4785→32363,2
4786→27483,6
4787→26551,6
4788→24662,44
4789→35522,2
4790→23447,310
4791→28893,18
4792→30050,38
4793→24450,4
4794→25582,2
4795→32535,2
4796→36195,2
4797→27448,2
4798→39740,74
4799→40788,10
4800→33048,2
4801→25911,2
4802→28632,6
4803→20807,4
4804→31975,6
4805→28064,2
4806→28858,210
4807→36996,42
4808→26936,2
4809→23478,178
4810→38202,4
4811→39586,2
4812→38454,10
4813→32952,2
4814→34299,4
4815→20456,6
4816→25918,20
4817→31716,12
4818→28409,8
4819→34056,2
4820→39749,2
4821→23485,42
4822→27819,4
4823→34432,2
4824→28851,2
4825→30092,2
4826→27025,4
4827→29983,242
4828→33617,8
4829→25540,2
4830→33425,2
4831→24492,6
4832→37085,32
4833→34600,2
4834→27217,2
4835→31372,2
4836→31988,4
4837→26103,2
4838→21326,42
4839→32503,2
4840→38039,2
4841→24466,74
4842→37071,2
4843→23643,4
4844→29379,2
4845→22791,78
4846→35726,20
4847→21570,60
4848→35342,6
4849→26755,4
4850→30402,202
4851→24230,26
4852→33287,18
4853→21742,12
4854→27228,2
4855→39120,2
4856→20831,2
4857→36168,2
4858→37288,6
4859→28052,2
4860→29180,8
4861→22568,2
4862→31943,8
4863→25329,4
4864→28436,10
4865→34069,10
4866→35987,4
4867→22930,4
4868→39544,20
4869→32990,2
4870→29722,2
4871→23218,2
4872→40578,4
4873→24801,14
4874→32964,14
4875→29346,10
4876→21917,2
4877→24459,14
4878→21319,48
4879→30865,14
4880→30059,132
4881→29528,4
4882→23012,2
4883→34899,18
4884→30405,10
4885→33280,8
4886→24237,8
4887→40540,2
4888→32160,8
4889→39588,8
4890→34297,4
4891→32504,2
4892→21113,12
4893→22796,2
4894→26336,2
4895→31381,2
4896→23476,22
4897→35513,2
4898→26104,2
4899→32736,10
4900→24653,12
4901→36396,2
4902→21321,2
4903→39118,8
4904→20809,132
4905→33422,2
4906→36150,4
4907→37082,2
4908→20035,104
4909→30095,30
4910→33610,38
4911→36362,10
4912→26594,2
4913→27446,4
4914→40786,118
4915→33274,36
4916→25311,2
4917→20663,26
4918→36706,2
4919→25123,60
4920→20451,2
4921→32709,4
4922→23449,20
4923→30862,2
4924→38001,2
4925→37049,26
4926→21548,80
4927→32963,12
4928→38657,6
4929→24208,22
4930→35974,10
4931→19978,102
4932→26799,2
4933→38491,6
4934→39543,18
4935→32997,18
4936→36739,14
4937→28431,2
4938→22937,6
4939→35980,20
4940→39315,2
4941→24698,2
4942→20238,4
4943→27821,2
4944→31944,2
4945→31178,712
4946→28267,4
4947→34638,4
4948→36953,14
4949→39187,2
4950→38055,24
4951→20896,16
4952→30238,8
4953→35578,14
4954→35920,96
4955→29543,2
4956→32937,12
4957→38431,14
4958→22399,2
4959→31548,8
4960→28465,6
4961→20608,6
4962→39725,2
4963→25974,30
4964→25148,208
4965→39173,4
4966→33449,8
4967→27875,10
4968→31910,6
4969→39341,2
4970→26706,28
4971→30663,2
4972→35311,2
4973→23274,2
4974→37446,2
4975→32908,4
4976→21523,12
4977→24051,74
4978→32134,4
4979→22194,2
4980→23046,2
4981→21375,250
4982→32762,2
4983→40342,2
4984→27082,8
4985→30809,2
4986→35547,4
4987→29118,8
4988→30207,2
4989→23610,24
4990→35775,2
4991→21147,20
4992→32550,2
4993→24435,6
4994→32796,6
4995→25721,4
4996→35781,12
4997→36104,6
4998→20061,164
4999→25513,2
5000→33476,2
5001→30697,2
5002→22352,10
5003→28668,8
5004→20405,56
5005→36752,4
5006→24297,22
5007→25345,12
5008→27872,16
5009→28006,6
5010→39948,2
5011→31319,2
5012→28234,8
5013→36558,8
5014→25973,10
5015→33218,8
5016→32930,2
5017→25987,2
5018→24069,34
5019→23842,6
5020→29544,20
5021→21729,46
5022→38604,6
5023→27886,6
5024→30831,12
5025→29120,2
5026→26954,58
5027→37228,2
5028→33688,4
5029→32568,8
5030→39180,10
5031→21943,2
5032→20891,62
5033→38052,2
5034→29312,56
5035→36755,4
5036→33227,8
5037→24290,2
5038→25342,10
5039→31570,2
5040→30690,68
5041→34230,72
5042→33829,20
5043→27243,18
5044→26391,20
5045→35786,2
5046→39977,2
5047→25514,6
5048→20254,2
5049→32791,8
5050→39379,2
5051→33643,4
5052→28805,8
5053→28039,8
5054→26365,74
5055→35772,10
5056→37025,4
5057→32557,8
5058→37819,4
5059→24432,4
5060→33485,24
5061→32765,4
5062→27085,6
5063→30032,8
5064→29923,4
5065→26157,10
5066→23425,108
5067→24264,2
5068→32301,2
5069→31584,2
5070→35918,10
5071→26533,2
5072→30456,68
5073→35124,2
5074→23041,52
5075→35316,20
5076→29749,2
5077→23273,4
5078→24056,10
5079→38409,2
5080→30699,10
5081→34239,4
5082→25945,56
5083→25179,2
5084→39714,2
5085→34837,2
5086→22952,10
5087→31579,4
5088→28454,4
5089→29586,2
5090→31921,18
5091→27844,2
5092→26398,44
5093→20853,42
5094→38090,8
5095→38256,2
5096→24609,8
5097→39384,12
5098→35549,2
5099→30807,2
5100→21149,4
5101→26708,2
5102→29740,2
5103→24863,2
5104→37448,8
5105→38400,2
5106→38632,584
5107→23048,10
5108→29572,54
5109→38893,8
5110→21182,4
5111→36135,16
5112→36909,2
5113→31310,6
5114→22707,6
5115→34662,2
5116→26195,4
5117→22535,66
5118→35582,12
5119→20262,26
5120→30494,68
5121→31546,22
5122→22151,12
5123→36763,188
5124→20606,2
5125→25374,14
5126→33211,32
5127→39519,8
5128→27611,58
5129→31774,2
5130→22363,14
5131→30460,4
5132→22999,2
5133→26505,6
5134→23077,56
5135→36797,6
5136→25380,2
5137→40717,12
5138→24252,2
5139→21512,16
5140→32939,2
5141→37477,2
5142→30652,2
5143→37013,4
5144→38867,88
5145→24404,96
5146→20898,24
5147→32561,2
5148→23621,12
5149→29915,2
5150→26161,20
5151→30004,14
5152→35576,46
5153→20296,4
5154→21344,148
5155→24636,2
5156→32753,2
5157→29575,76
5158→29747,2
5159→35318,2
5160→32901,28
5161→38407,2
5162→24058,6
5163→38063,2
5164→40179,262
5165→21972,2
5166→32559,8
5167→37219,6
5168→38251,2
5169→26159,84
5170→28205,10
5171→20854,22
5172→21388,4
5173→26991,2
5174→28037,6
5175→34468,2
5176→33229,6
5177→25942,16
5178→26166,14
5179→29912,2
5180→30003,152
5181→35571,6
5182→27888,2
5183→37226,2
5184→20291,16
5185→21343,4
5186→33686,4
5187→38860,6
5188→21171,14
5189→40146,2
5190→24403,26
5191→32566,84
5192→26354,26
5193→30231,8
5194→23626,2
5195→37470,2
5196→32102,10
5197→40522,2
5198→24067,32
5199→30655,10
5200→31787,4
5201→29778,2
5202→35327,2
5203→35929,2
5204→35115,4
5205→25387,14
5206→36556,20
5207→20433,2
5208→33818,2
5209→24093,282
5210→31773,2
5211→34201,2
5212→27424,12
5213→31541,2
5214→36764,10
5215→33216,8
5216→26192,2
5217→35585,4
5218→36300,2
5219→39348,6
5220→20057,282
5221→36132,44
5222→21185,2
5223→32592,2
5224→23592,14
5225→20317,2
5226→20919,4
5227→37192,12
5228→20125,62
5229→39834,2
5230→36040,18
5231→22672,2
5232→25033,56
5233→21493,6
5234→36424,6
5235→27764,8
5236→31601,4
5237→35093,2
5238→27556,2
5239→22818,118
5240→36616,4
5241→32070,2
5242→39498,2
5243→24115,4
5244→21467,2
5245→34387,8
5246→34989,78
5247→33390,10
5248→24327,118
5249→20787,2
5250→23566,22
5251→30171,4
5252→25691,6
5253→32626,12
5254→24571,2
5255→22686,10
5256→31291,40
5257→30343,204
5258→39661,4
5259→36629,2
5260→28521,2
5261→34942,8
5262→22827,118
5263→35890,2
5264→32887,12
5265→28377,2
5266→30388,2
5267→39037,4
5268→25468,6
5269→36843,12
5270→24788,6
5271→27931,34
5272→28145,16
5273→31068,12
5274→37159,36
5275→29063,2
5276→26817,2
5277→23559,92
5278→24318,82
5279→21458,44
5280→32873,6
5281→24576,10
5282→21838,8
5283→38915,14
5284→37161,2
5285→22681,16
5286→31296,18
5287→28189,2
5288→23561,32
5289→26013,20
5290→29867,2
5291→23105,28
5292→35060,10
5293→26477,4
5294→24320,30
5295→21460,42
5296→33999,6
5297→30720,4
5298→34146,10
5299→26483,2
5300→31434,8
5301→39659,2
5302→25206,18
5303→36611,14
5304→20774,2
5305→25808,2
5306→36423,2
5307→21494,18
5308→24582,2
5309→20122,188
5310→37195,6
5311→36047,2
5312→22675,10
5313→31262,2
5314→31050,8
5315→29893,4
5316→33707,110
5317→20310,2
5318→36275,60
5319→23308,10
5320→32048,8
5321→32874,6
5322→26448,6
5323→35863,2
5324→21209,4
5325→29064,16
5326→30149,18
5327→29256,74
5328→35609,36
5329→38116,2
5330→37962,12
5331→21807,126
5332→33738,2
5333→22478,44
5334→28142,52
5335→23798,2
5336→39030,14
5337→35299,34
5338→31639,2
5339→38586,2
5340→25837,4
5341→32880,6
5342→25239,8
5343→28526,10
5344→34945,58
5345→22820,16
5346→40653,166
5347→32273,2
5348→21664,4
5349→29409,2
5350→34184,2
5351→30524,2
5352→35264,30
5353→33193,4
5354→24124,2
5355→35600,2
5356→30372,2
5357→36085,10
5358→40839,2
5359→32617,2
5360→37365,2
5361→26819,4
5362→26025,10
5363→23791,12
5364→28379,4
5365→30386,2
5366→39039,16
5367→33503,24
5368→20114,8
5369→28977,10
5370→31066,6
5371→32287,2
5372→20742,6
5373→21690,4
5374→36627,4
5375→31402,2
5376→22829,22
5377→27567,2
5378→35290,2
5379→33167,10
5380→40495,2
5381→28180,102
5382→26826,4
5383→32628,18
5384→38312,2
5385→36886,4
5386→38120,8
5387→40806,4
5388→37168,10
5389→22688,2
5390→26228,8
5391→38544,8
5392→33990,4
5393→24927,2
5394→32842,12
5395→29604,2
5396→34389,36
5397→35069,4
5398→29436,8
5399→35855,20
5400→34987,16
5401→38776,2
5402→20789,2
5403→22218,12
5404→28510,2
5405→39650,2
5406→28174,6
5407→31059,4
5408→36872,14
5409→39006,10
5410→20917,22
5411→34719,2
5412→28346,2
5413→34345,4
5414→26680,6
5415→31637,712
5416→27752,4
5417→40492,2
5418→38588,6
5419→25005,2
5420→25839,2
5421→25237,6
5422→39668,2
5423→20745,16
5424→21697,36
5425→34177,2
5426→28528,2
5427→37396,2
5428→34513,2
5429→31061,4
5430→20113,48
5431→32610,8
5432→40230,2
5433→24775,14
5434→21207,2
5435→22482,2
5436→29856,8
5437→31095,4
5438→26022,2
5439→23762,6
5440→35607,2
5441→26210,4
5442→32422,12
5443→21809,2
5444→38118,2
5445→21035,30
5446→37150,2
5447→38924,28
5448→35263,10
5449→26674,2
5450→24123,2
5451→21451,130
5452→40654,8
5453→24311,98
5454→37706,2
5455→34183,2
5456→23134,2
5457→26446,92
5458→39001,4
5459→36875,6
5460→36049,2
5461→28173,2
5462→39233,2
5463→34148,2
5464→34974,12
5465→38785,2
5466→28725,2
5467→29431,2
5468→35852,4
5469→26479,6
5470→34980,2
5471→38771,14
5472→38543,24
5473→39491,4
5474→24920,2
5475→33997,4
5476→36881,2
5477→24578,4
5478→40801,14
5479→28187,10
5480→21298,10
5481→25638,2
5482→26881,2
5483→31836,10
5484→21896,6
5485→39055,2
5486→27739,2
5487→24980,2
5488→25852,4
5489→37799,2
5490→33339,2
5491→23997,6
5492→34920,24
5493→28543,2
5494→29657,4
5495→35208,4
5496→24974,2
5497→38517,76
5498→24148,2
5499→21608,262
5500→35806,12
5501→26049,34
5502→29001,2
5503→29233,30
5504→32449,12
5505→23194,40
5506→20711,6
5507→36674,6
5508→20523,26
5509→33908,2
5510→24183,34
5511→22274,14
5512→34311,50
5513→36022,4
5514→21095,4
5515→20147,26
5516→32482,2
5517→33550,4
5518→31207,2
5519→22610,2
5520→26082,202
5521→31035,26
5522→28118,10
5523→31809,2
5524→20375,2
5525→32476,8
5526→37938,2
5527→23736,2
5528→30113,4
5529→23504,16
5530→27998,2
5531→35461,14
5532→21253,18
5533→37336,4
5534→20381,18
5535→33796,4
5536→26412,20
5537→35839,2
5538→21637,2
5539→25297,2
5540→25899,4
5541→21405,2
5542→22280,2
5543→29234,210
5544→21059,2
5545→40852,36
5546→38948,10
5547→38346,10
5548→29006,4
5549→32218,12
5550→28782,132
5551→32816,2
5552→20729,2
5553→22842,12
5554→31469,4
5555→25855,2
5556→28312,2
5557→22628,2
5558→39052,2
5559→20943,10
5560→38180,2
5561→36228,2
5562→39260,12
5563→26886,2
5564→21402,84
5565→32829,2
5566→22889,10
5567→26415,18
5568→30570,2
5569→23167,2
5570→40607,16
5571→25290,2
5572→32227,4
5573→30114,16
5574→26071,94
5575→30928,2
5576→35466,2
5577→21254,10
5578→24726,44
5579→21066,2
5580→37103,6
5581→23731,6
5582→35654,2
5583→26085,570
5584→35492,14
5585→20372,2
5586→25600,2
5587→39851,2
5588→38983,2
5589→20140,140
5590→32485,26
5591→36819,2
5592→33557,2
5593→37593,6
5594→20524,2
5595→36441,2
5596→24184,10
5597→39409,18
5598→31456,106
5599→22880,162
5600→35837,2
5601→29454,6
5602→25299,4
5603→25897,2
5604→24179,100
5605→31699,2
5606→29666,2
5607→40864,36
5608→20981,4
5609→40058,8
5610→38142,2
5611→32478,6
5612→26078,4
5613→29030,2
5614→33798,4
5615→38370,14
5616→20149,4
5617→39064,8
5618→31209,4
5619→27962,2
5620→38384,10
5621→25609,2
5622→39256,2
5623→22874,38
5624→28572,2
5625→33308,26
5626→36448,2
5627→40255,2
5628→24710,8
5629→32675,12
5630→29833,4
5631→35662,2
5632→23707,2
5633→21050,2
5634→39893,2
5635→33595,2
5636→32447,2
5637→26611,20
5638→23363,2
5639→35206,20
5640→29659,2
5641→21434,114
5642→25094,2
5643→38519,12
5644→40403,2
5645→21606,2
5646→35808,4
5647→20512,2
5648→36645,2
5649→20720,8
5650→25252,64
5651→33337,6
5652→24380,10
5653→22077,2
5654→25636,2
5655→32681,180
5656→39269,2
5657→27161,6
5658→22413,2
5659→28129,6
5660→35696,14
5661→38189,2
5662→33901,6
5663→28747,2
5664→31458,2
5665→20718,2
5666→27159,8
5667→31800,2
5668→27965,10
5669→38383,4
5670→33559,4
5671→36817,8
5672→39063,2
5673→35468,10
5674→40863,68
5675→21068,90
5676→38145,4
5677→20986,478
5678→21854,2
5679→30328,112
5680→29205,14
5681→24942,16
5682→26629,4
5683→29661,2
5684→35830,2
5685→22887,10
5686→28581,2
5687→26286,12
5688→22626,2
5689→20171,30
5690→36828,34
5691→36226,2
5692→27166,6
5693→22414,2
5694→34571,2
5695→31467,2
5696→34115,12
5697→22070,6
5698→31655,4
5699→34327,6
5700→22242,2
5701→36470,4
5702→39438,14
5703→33102,10
5704→32216,18
5705→24373,158
5706→40636,2
5707→30541,2
5708→26424,2
5709→23156,18
5710→35033,2
5711→35201,14
5712→21433,2
5713→32024,6
5714→30317,2
5715→20185,18
5716→40060,164
5717→33592,4
5718→24525,4
5719→32440,4
5720→37300,26
5721→24717,10
5722→38348,26
5723→29834,4
5724→30125,2
5725→27192,10
5726→23532,42
5727→30374,4
5728→21034,2
5729→38925,2
5730→25494,4
5731→32423,12
5732→38119,2
5733→21206,2
5734→24774,2
5735→30146,4
5736→26023,26
5737→29857,2
5738→23551,558
5739→35434,2
5740→37707,10
5741→24310,102
5742→40655,4
5743→26447,30
5744→30522,12
5745→27595,56
5746→30710,2
5747→23307,2
5748→21450,160
5749→20744,2
5750→21696,20
5751→31404,2
5752→26681,22
5753→27753,2
5754→36413,2
5755→40493,8
5756→25004,2
5757→31252,2
5758→22645,20
5759→36077,4
5760→20112,586
5761→37397,4
5762→20320,8
5763→33737,2
5764→32844,12
5765→38542,10
5766→39490,4
5767→27798,18
5768→23338,50
5769→35853,4
5770→26478,2
5771→37738,2
5772→29868,2
5773→28186,4
5774→26820,8
5775→36880,126
5776→38126,2
5777→24579,2
5778→29266,2
5779→36874,4
5780→39000,30
5781→20911,66
5782→31609,6
5783→22810,378
5784→28516,2
5785→38784,2
5786→25209,2
5787→28976,4
5788→27330,8
5789→31255,2
5790→22642,24
5791→36070,8
5792→39038,18
5793→25467,2
5794→33502,10
5795→26686,18
5796→31631,2
5797→27754,16
5798→34343,4
5799→40494,2
5800→20743,2
5801→36626,4
5802→32286,6
5803→22828,12
5804→22014,8
5805→35265,206
5806→37532,8
5807→21457,20
5808→24125,2
5809→38748,56
5810→32272,2
5811→26440,2
5812→29408,2
5813→21201,2
5814→32616,2
5815→24773,18
5816→28982,56
5817→30141,4
5818→23556,266
5819→35433,24
5820→26216,34
5821→21033,96
5822→36084,18
5823→38922,4
5824→32424,2
5825→24541,8
5826→34972,10
5827→40699,8
5828→36873,20
5829→25458,2
5830→28949,2
5831→27901,30
5832→20318,8
5833→37169,2
5834→40807,8
5835→21830,458
5836→36887,2
5837→38121,4
5838→29261,4
5839→23569,90
5840→29053,2
5841→31890,2
5842→26827,4
5843→32629,2
5844→38313,6
5845→34986,2
5846→35068,2
5847→24328,2
5848→32843,14
5849→21468,8
5850→34388,52
5851→21495,22
5852→20547,16
5853→25035,42
5854→33150,18
5855→27762,8
5856→22210,12
5857→31435,144
5858→26482,8
5859→28518,2
5860→22022,2
5861→40690,2
5862→31051,6
5863→28940,2
5864→27908,4
5865→34523,2
5866→20311,20
5867→33706,4
5868→37194,4
5869→20123,2
5870→33534,2
5871→25451,2
5872→29866,2
5873→26012,2
5874→31899,28
5875→23560,96
5876→40200,2
5877→38914,14
5878→21005,96
5879→24577,2
5880→21839,20
5881→21461,2
5882→37504,8
5883→24113,10
5884→27796,12
5885→34381,8
5886→23104,36
5887→32244,2
5888→33396,2
5889→40664,16
5890→24321,22
5891→28371,2
5892→39031,14
5893→36845,4
5894→22479,6
5895→28143,2
5896→21698,6
5897→22821,4
5898→28527,2
5899→32881,2
5900→25836,2
5901→38587,270
5902→26449,6
5903→35862,4
5904→29401,2
5905→24910,22
5906→40469,2
5907→28385,24
5908→40831,118
5909→24548,8
5910→21806,4
5911→21208,6
5912→38325,10
5913→29859,6
5914→23103,4
5915→20786,2
5916→33391,108
5917→21466,22
5918→34386,10
5919→40809,2
5920→38913,12
5921→37167,2
5922→21002,4
5923→40035,6
5924→30342,18
5925→23755,2
5926→26015,4
5927→29861,2
5928→23567,202
5929→36287,8
5930→24742,10
5931→37193,170
5932→20918,4
5933→31264,2
5934→28349,2
5935→31056,8
5936→30184,2
5937→27133,2
5938→22441,2
5939→20316,40
5940→26485,2
5941→22025,86
5942→36617,52
5943→25200,4
5944→40697,66
5945→36425,2
5946→20540,4
5947→25032,4
5948→32085,20
5949→32618,4
5950→26816,2
5951→23558,92
5952→30973,2
5953→29250,6
5954→28382,2
5955→40836,14
5956→30719,2
5957→29634,4
5958→21459,10
5959→24917,12
5960→38574,6
5961→24319,80
5962→38746,6
5963→35865,6
5964→35059,2
5965→26688,8
5966→28712,2
5967→25831,48
5968→32886,12
5969→38580,6
5970→36628,48
5971→32288,4
5972→20329,30
5973→24789,8
5974→31069,122
5975→27930,2
5976→25469,2
5977→36842,4
5978→39036,4
5979→38144,2
5980→20987,4
5981→21855,220
5982→39096,2
5983→21069,58
5984→34789,2
5985→30329,8
5986→29036,2
5987→26842,2
5988→30927,2
5989→38376,154
5990→20389,6
5991→28580,30
5992→29452,2
5993→35831,20
5994→32228,12
5995→38712,130
5996→38520,54
5997→25891,12
5998→26628,66
5999→34917,18
6000→31459,2
6001→22872,2
6002→39406,8
6003→25059,2
6004→33900,26
6005→20973,2
6006→39062,6
6007→36816,14
6008→28322,4
6009→27964,2
6010→38382,20
6011→39250,24
6012→23365,2
6013→30772,14
6014→26617,2
6015→32025,4
6016→32819,46
6017→36485,2
6018→40637,2
6019→23157,2
6020→35032,38
6021→31492,6
6022→38349,2
6023→24716,8
6024→32673,10
6025→37301,2
6026→21264,4
6027→29009,6
6028→34584,2
6029→29835,12
6030→26041,734
6031→27193,28
6032→30316,4
6033→24524,20
6034→33593,4
6035→20184,18
6036→21056,4
6037→32687,6
6038→20342,2
6039→21290,4
6040→26889,156
6041→28913,2
6042→27355,10
6043→36829,24
6044→25402,2
6045→20170,440
6046→36015,104
6047→23391,148
6048→28779,52
6049→34326,6
6050→22243,2
6051→31654,2
6052→39439,8
6053→24988,2
6054→33331,2
6055→22071,6
6056→34928,6
6057→27503,118
6058→31806,10
6059→34548,2
6060→27963,6
6061→38385,2
6062→39065,2
6063→28325,8
6064→29693,4
6065→39633,4
6066→33309,4
6067→24178,108
6068→24944,4
6069→29667,2
6070→35238,2
6071→22881,6
6072→21638,2
6073→29031,16
6074→33799,12
6075→40059,4
6076→38143,4
6077→32479,6
6078→21852,2
6079→25253,22
6080→33336,2
6081→34113,2
6082→22076,26
6083→27504,4
6084→31461,14
6085→23396,16
6086→33104,4
6087→20513,2
6088→35697,68
6089→31237,4
6090→26280,2
6091→38188,2
6092→33560,6
6093→40092,42
6094→25405,4
6095→20177,20
6096→36012,22
6097→32680,10
6098→21297,4
6099→31839,2
6100→28128,6
6101→27160,2
6102→35663,4
6103→23706,6
6104→26274,16
6105→40066,10
6106→37908,4
6107→32446,6
6108→38940,2
6109→21051,24
6110→37306,2
6111→21263,6
6112→23534,28
6113→34583,2
6114→30123,2
6115→32210,12
6116→35035,4
6117→22082,2
6118→35809,2
6119→26422,4
6120→35207,130
6121→25095,2
6122→32022,2
6123→38518,20
6124→21435,114
6125→37550,12
6126→34328,4
6127→33931,12
6128→24986,8
6129→25854,4
6130→24388,2
6131→23991,4
6132→34926,12
6133→36229,32
6134→28121,2
6135→27169,8
6136→26289,2
6137→36827,50
6138→39053,2
6139→21890,2
6140→38181,2
6141→39295,2
6142→38347,6
6143→26873,8
6144→37901,2
6145→21058,2
6146→40853,14
6147→28783,8
6148→37559,2
6149→29463,6
6150→35800,6
6151→32484,8
6152→33556,2
6153→36024,6
6154→21093,4
6155→39850,2
6156→38982,2
6157→20141,64
6158→22616,2
6159→34541,2
6160→35493,12
6161→22040,2
6162→30585,2
6163→25265,8
6164→20717,4
6165→39408,4
6166→20525,4
6167→28748,6
6168→31665,4
6169→27700,60
6170→26414,2
6171→30571,2
6172→24343,230
6173→40606,2
6174→25291,2
6175→24171,12
6176→31691,4
6177→32470,4
6178→39098,2
6179→20989,36
6180→24515,64
6181→34787,2
6182→26242,8
6183→30929,2
6184→29038,6
6185→30115,2
6186→26070,2
6187→29804,2
6188→38378,6
6189→20387,2
6190→38724,10
6191→35807,4
6192→28784,6
6193→24149,18
6194→38516,4
6195→29232,46
6196→21863,4
6197→32448,6
6198→38172,20
6199→39292,4
6200→26874,6
6201→21897,4
6202→39054,2
6203→36820,16
6204→20945,8
6205→20179,42
6206→34579,2
6207→26880,4
6208→37798,2
6209→23996,2
6210→23398,46
6211→24981,2
6212→33936,4
6213→23505,50
6214→35460,2
6215→30112,2
6216→32645,74
6217→33797,182
6218→21252,78
6219→32477,20
6220→21060,2
6221→30320,2
6222→32013,6
6223→25898,2
6224→29669,2
6225→22281,30
6226→26621,2
6227→26413,6
6228→35838,4
6229→24344,44
6230→32221,2
6231→36681,12
6232→21636,4
6233→24182,50
6234→33135,6
6235→20522,6
6236→33909,6
6237→36447,2
6238→22275,18
6239→34310,4
6240→34122,2
6241→23195,2
6242→33307,2
6243→20710,2
6244→34546,2
6245→31808,6
6246→35494,4
6247→28925,4
6248→31034,26
6249→26083,202
6250→36211,2
6251→20374,20
6252→32483,6
6253→33551,2
6254→36023,42
6255→20146,50
6256→31206,90
6257→23143,2
6258→35026,2
6259→30554,4
6260→26431,62
6261→32203,2
6262→38739,6
6263→25086,2
6264→24154,12
6265→36491,6
6266→21426,10
6267→28799,2
6268→30766,2
6269→40075,2
6270→24530,2
6271→32455,14
6272→20190,2
6273→39881,6
6274→35670,2
6275→30302,6
6276→35442,2
6277→23527,108
6278→30130,6
6279→37315,8
6280→21270,58
6281→39049,6
6282→20164,2
6283→36001,4
6284→34756,2
6285→31224,2
6286→26293,2
6287→27341,2
6288→20356,14
6289→22859,20
6290→25240,46
6291→24392,26
6292→23385,326
6293→22257,2
6294→38362,6
6295→26856,8
6296→30933,2
6297→27984,2
6298→29210,2
6299→37118,28
6300→29674,2
6301→30759,2
6302→38534,78
6303→25885,12
6304→24957,2
6305→24359,2
6306→38706,12
6307→35825,2
6308→29680,2
6309→33128,2
6310→33914,2
6311→28560,2
6312→34903,2
6313→38396,2
6314→39244,2
6315→20369,2
6316→35489,6
6317→28938,2
6318→36802,4
6319→25429,8
6320→39076,4
6321→21089,6
6322→22250,2
6323→22062,4
6324→25247,2
6325→36650,4
6326→37782,4
6327→22406,2
6328→34563,2
6329→32694,4
6330→20351,24
6331→36234,20
6332→21283,2
6333→40086,2
6334→25411,4
6335→39872,8
6336→35445,2
6337→34597,2
6338→26052,6
6339→30137,2
6340→32660,262
6341→37312,2
6342→33580,2
6343→32452,12
6344→20197,210
6345→38954,2
6346→30305,14
6347→24153,18
6348→21421,4
6349→23376,518
6350→26604,10
6351→22096,82
6352→31481,18
6353→24361,8
6354→28331,44
6355→27379,2
6356→20960,20
6357→32499,14
6358→36805,2
6359→36039,26
6360→38391,2
6361→39243,10
6362→28103,2
6363→26099,10
6364→39627,2
6365→28567,4
6366→24198,138
6367→20538,2
6368→38701,10
6369→37749,4
6370→28593,2
6371→35822,2
6372→29673,2
6373→32009,2
6374→38533,10
6375→32835,4
6376→24950,138
6377→24508,6
6378→20994,12
6379→21846,4
6380→39085,2
6381→21248,8
6382→26851,12
6383→27983,2
6384→25615,22
6385→38398,12
6386→36202,8
6387→34555,2
6388→28338,4
6389→22602,4
6390→27370,2
6391→31215,28
6392→39078,2
6393→32490,12
6394→21087,2
6395→20155,348
6396→22266,18
6397→34303,6
6398→27714,6
6399→24191,84
6400→37586,2
6401→23186,2
6402→22868,26
6403→27526,14
6404→30591,6
6405→23340,2
6406→26632,2
6407→30757,2
6408→32000,34
6409→21417,2
6410→40612,10
6411→24357,6
6412→32232,6
6413→36692,2
6414→23172,2
6415→33784,2
6416→24733,6
6417→21241,2
6418→20393,2
6419→37324,42
6420→26858,2
6421→35473,2
6422→29810,2
6423→26064,2
6424→35641,10
6425→30333,222
6426→32464,4
6427→24501,28
6428→21073,12
6429→38962,2
6430→29483,4
6431→28551,2
6432→22857,84
6433→27519,2
6434→39423,20
6435→21884,2
6436→39047,6
6437→34758,2
6438→27941,24
6439→26893,2
6440→28909,12
6441→31018,2
6442→39275,4
6443→20358,408
6444→21870,8
6445→38161,2
6446→33589,2
6447→37129,42
6448→23529,18
6449→27189,6
6450→39281,12
6451→32669,4
6452→38353,2
6453→29477,2
6454→35028,22
6455→35814,4
6456→38505,4
6457→29645,48
6458→28797,2
6459→34794,2
6460→23723,8
6461→35646,2
6462→30334,210
6463→32463,20
6464→38965,12
6465→37323,8
6466→20394,6
6467→35474,2
6468→30106,6
6469→26063,78
6470→32235,8
6471→25282,2
6472→21622,4
6473→35010,6
6474→26407,2
6475→30562,6
6476→35222,12
6477→26635,2
6478→40427,4
6479→24162,4
6480→32007,2
6481→21410,2
6482→34136,6
6483→27521,2
6484→34304,2
6485→27713,4
6486→24196,52
6487→34760,2
6488→22605,18
6489→31212,36
6490→25420,4
6491→38991,52
6492→20152,2
6493→33777,4
6494→40285,6
6495→36205,2
6496→20360,12
6497→27979,6
6498→34552,2
6499→35480,2
6500→26097,2
6501→32804,38
6502→29642,2
6503→28790,10
6504→35813,2
6505→23976,6
6506→29014,4
6507→39286,24
6508→38354,2
6509→37912,128
6510→40840,4
6511→29226,6
6512→35679,2
6513→28132,4
6514→27946,14
6515→26894,2
6516→33748,4
6517→36834,4
6518→39040,2
6519→21883,28
6520→36008,16
6521→20509,4
6522→33922,10
6523→25847,2
6524→31649,8
6525→29484,6
6526→28556,2
6527→34109,2
6528→34935,4
6529→39616,8
6530→25249,4
6531→38764,2
6532→35847,2
6533→30509,6
6534→24935,22
6535→32850,2
6536→24109,16
6537→38556,2
6538→23748,2
6539→29272,4
6540→40814,12
6541→32408,2
6542→36894,4
6543→37946,2
6544→30951,2
6545→28192,18
6546→26834,4
6547→28354,4
6548→29286,16
6549→20139,48
6550→39014,2
6551→27912,2
6552→22804,22
6553→22038,4
6554→27778,4
6555→33976,4
6556→39470,6
6557→32098,8
6558→30152,2
6559→31080,4
6560→26037,4
6561→23545,266
6562→37377,2
6563→24760,2
6564→37145,8
6565→38931,16
6566→32437,2
6567→25480,22
6568→26205,18
6569→23777,6
6570→37521,8
6571→20596,8
6572→38569,12
6573→33181,4
6574→32053,4
6575→30704,6
6576→35276,10
6577→35878,36
6578→26453,6
6579→27581,2
6580→34196,2
6581→21676,2
6582→40487,2
6583→25010,44
6584→35282,54
6585→22235,120
6586→27575,102
6587→22007,2
6588→34162,4
6589→27111,6
6590→31074,6
6591→34506,38
6592→37383,4
6593→27323,2
6594→31246,4
6595→34734,6
6596→21488,78
6597→31428,6
6598→22803,116
6599→34966,2
6600→35088,2
6601→23589,2
6602→27915,22
6603→28353,2
6604→29281,132
6605→37189,2
6606→36867,6
6607→39013,4
6608→24758,2
6609→38307,16
6610→30956,28
6611→29275,220
6612→21018,64
6613→36893,22
6614→37941,4
6615→33985,4
6616→38551,12
6617→35840,4
6618→29423,6
6619→20101,2
6620→31241,2
6621→34733,6
6622→23784,10
6623→22656,6
6624→24793,2
6625→33724,2
6626→27572,4
6627→20757,6
6628→25225,2
6629→20565,2
6630→36400,4
6631→40480,4
6632→26692,2
6633→27740,16
6634→22232,12
6635→26454,2
6636→27586,6
6637→32266,6
6638→37526,8
6639→21443,42
6640→40474,2
6641→33186,6
6642→24131,6
6643→26666,4
6644→30703,10
6645→35271,6
6646→36090,4
6647→38936,8
6648→37142,2
6649→25487,2
6650→32430,6
6651→24555,2
6652→26202,10
6653→26030,2
6654→31087,2
6655→23542,588
6656→35427,4
6657→21215,4
6658→32602,30
6659→40222,2
6660→27923,2
6661→39217,8
6662→20108,90
6663→20934,6
6664→39025,4
6665→28365,2
6666→32895,32
6667→39441,2
6668→38593,8
6669→40489,2
6670→28701,2
6671→34950,4
6672→35882,4
6673→39673,8
6674→33349,4
6675→20598,2
6676→24904,20
6677→35278,2
6678→23913,8
6679→35876,2
6680→38755,10
6681→26039,26
6682→26805,4
6683→29071,22
6684→37379,8
6685→38331,30
6686→38103,2
6687→40019,2
6688→32439,18
6689→29243,40
6690→23779,4
6691→36604,2
6692→27544,2
6693→34153,6
6694→22204,2
6695→21481,2
6696→20553,18
6697→33144,8
6698→31277,2
6699→20137,12
6700→39826,2
6701→24597,12
6702→39228,2
6703→28954,30
6704→34537,4
6705→31283,2
6706→26234,32
6707→37174,8
6708→32406,2
6709→26006,8
6710→29872,10
6711→23574,8
6712→21647,14
6713→37722,6
6714→20795,2
6715→24335,10
6716→40670,6
6717→26462,24
6718→23110,2
6719→27782,2
6720→34395,40
6721→29618,2
6722→35247,2
6723→21475,58
6724→40442,6
6725→24107,150
6726→21029,30
6727→30967,6
6728→27588,2
6729→35871,12
6730→39680,2
6731→38752,8
6732→24903,6
6733→37528,14
6734→34957,16
6735→22832,2
6736→31419,2
6737→35885,40
6738→20759,2
6739→33940,8
6740→39446,2
6741→37984,2
6742→36856,12
6743→28150,2
6744→30732,2
6745→26657,26
6746→34392,20
6747→21472,14
6748→37517,2
6749→40677,2
6750→26465,12
6751→37341,2
6752→38309,2
6753→24756,2
6754→32633,2
6755→30164,2
6756→35416,14
6757→35624,12
6758→38907,18
6759→21016,126
6760→20302,2
6761→33715,8
6762→23587,44
6763→34702,24
6764→37187,2
6765→20130,18
6766→39821,2
6767→33527,2
6768→25442,4
6769→36869,2
6770→31614,2
6771→36431,2
6772→32091,2
6773→39479,2
6774→36603,8
6775→20766,8
6776→38799,18
6777→26491,4
6778→34154,2
6779→22031,4
6780→27712,10
6781→22260,6
6782→37580,2
6783→36452,8
6784→25277,6
6785→39628,2
6786→22052,2
6787→36204,8
6788→20361,6
6789→25613,12
6790→40284,2
6791→26096,2
6792→27978,6
6793→34553,2
6794→22436,2
6795→31213,4
6796→36036,6
6797→20153,8
6798→32496,12
6799→33544,2
6800→21247,274
6801→37322,8
6802→32650,262
6803→24735,10
6804→35475,28
6805→34795,2
6806→37110,36
6807→38964,6
6808→32462,6
6809→26634,2
6810→22294,44
6811→32006,4
6812→21623,2
6813→40614,42
6814→24351,36
6815→26406,2
6816→30563,26
6817→23174,2
6818→36009,2
6819→39041,2
6820→38193,2
6821→27947,2
6822→39273,2
6823→34108,4
6824→28557,2
6825→25248,10
6826→39617,2
6827→20508,4
6828→39425,8
6829→31648,2
6830→28765,4
6831→35812,6
6832→22099,2
6833→36499,2
6834→38503,4
6835→32039,4
6836→40841,2
6837→21876,2
6838→37913,2
6839→35678,2
6840→29227,6
6841→29015,2
6842→39287,6
6843→38355,4
6844→37741,2
6845→40613,42
6846→32233,8
6847→35016,6
6848→31684,6
6849→26633,10
6850→35224,6
6851→23341,10
6852→21416,8
6853→30332,18
6854→26257,2
6855→23725,6
6856→37117,84
6857→24500,28
6858→21240,4
6859→37325,54
6860→20392,18
6861→32657,2
6862→33785,6
6863→29811,6
6864→23517,50
6865→26859,6
6866→28339,2
6867→22603,2
6868→36031,16
6869→21086,2
6870→20154,348
6871→32491,2
6872→20968,8
6873→36203,98
6874→38399,4
6875→28937,40
6876→34554,2
6877→35486,14
6878→20702,6
6879→36667,4
6880→22869,2
6881→30590,4
6882→27527,2
6883→24190,20
6884→25042,2
6885→26866,2
6886→39280,6
6887→38352,2
6888→38160,4
6889→26268,18
6890→38504,4
6891→29644,4
6892→28796,4
6893→23970,4
6894→35029,16
6895→24369,12
6896→29482,10
6897→28550,6
6898→28908,8
6899→31019,2
6900→28134,4
6901→39274,2
6902→25419,2
6903→39046,8
6904→38194,2
6905→20957,8
6906→34759,2
6907→20196,368
6908→38955,2
6909→38169,16
6910→33581,2
6911→24536,30
6912→32453,2
6913→29229,284
6914→35676,2
6915→23713,14
6916→26053,576
6917→30136,2
6918→23521,40
6919→37313,22
6920→21276,88
6921→32661,16
6922→24360,6
6923→36497,6
6924→24152,2
6925→23377,4
6926→27511,14
6927→34106,4
6928→22063,24
6929→37783,10
6930→39619,2
6931→24394,48
6932→33323,8
6933→20506,14
6934→25074,2
6935→27723,4
6936→34334,2
6937→23383,16
6938→36007,12
6939→39873,2
6940→40087,2
6941→33575,8
6942→27347,4
6943→22635,6
6944→34562,2
6945→27949,2
6946→20350,2
6947→36235,8
6948→25622,2
6949→23348,54
6950→32834,12
6951→32008,2
6952→38532,4
6953→35823,14
6954→26408,42
6955→22894,20
6956→38364,46
6957→30109,2
6958→27982,10
6959→35649,2
6960→20995,10
6961→24509,12
6962→21847,2
6963→38390,2
6964→33778,6
6965→39242,2
6966→22438,4
6967→28102,2
6968→27976,2
6969→28330,4
6970→20961,24
6971→36804,4
6972→32498,2
6973→24199,2
6974→34905,4
6975→33740,4
6976→32692,32
6977→20165,4
6978→36000,10
6979→40080,2
6980→39048,2
6981→25417,2
6982→26292,18
6983→23384,28
6984→22256,24
6985→27516,2
6986→22064,4
6987→33324,204
6988→36490,4
6989→32030,2
6990→25087,44
6991→40410,2
6992→28798,2
6993→35215,6
6994→31487,2
6995→23142,82
6996→32202,4
6997→38738,44
6998→24367,10
6999→26054,4
7000→35443,4
7001→23526,22
7002→21271,154
7003→24703,2
7004→32666,4
7005→37126,4
7006→40848,64
7007→21043,2
7008→33586,16
7009→32454,8
7010→39621,2
7011→22867,2
7012→28753,6
7013→22269,112
7014→28337,2
7015→38999,2
7016→38397,6
7017→35488,14
7018→27971,2
7019→29211,6
7020→37119,2
7021→20992,12
7022→21840,2
7023→27985,6
7024→30932,8
7025→23519,4
7026→24358,8
7027→23941,2
7028→22893,8
7029→35824,12
7030→28595,2
7031→25884,8
7032→24956,2
7033→25018,4
7034→25824,2
7035→32893,80
7036→28707,4
7037→35884,2
7038→22833,18
7039→31418,4
7040→39675,6
7041→29083,2
7042→31840,8
7043→30992,2
7044→28151,22
7045→36259,4
7046→20932,4
7047→36857,12
7048→39023,114
7049→22659,4
7050→28363,20
7051→26803,6
7052→28999,2
7053→38105,2
7054→25488,2
7055→21028,4
7056→29245,26
7057→24902,2
7058→27589,12
7059→35870,2
7060→38753,8
7061→22666,2
7062→24591,2
7063→25443,2
7064→20131,626
7065→37186,2
7066→33714,6
7067→25671,2
7068→23586,44
7069→31043,4
7070→28952,10
7071→25215,76
7072→40682,2
7073→36602,2
7074→20767,4
7075→34155,40
7076→27542,6
7077→34367,4
7078→27770,6
7079→39478,8
7080→21487,58
7081→26464,4
7082→35241,2
7083→27784,86
7084→32064,2
7085→24101,34
7086→21473,6
7087→32858,2
7088→35625,12
7089→30357,4
7090→24565,36
7091→37172,12
7092→21017,92
7093→24757,4
7094→38308,2
7095→37340,2
7096→21225,6
7097→36292,2
7098→23572,20
7099→30959,2
7100→26000,8
7101→30165,2
7102→35877,8
7103→39686,8
7104→38754,10
7105→20599,2
7106→35279,2
7107→29626,6
7108→40018,2
7109→32438,12
7110→26804,2
7111→39024,2
7112→20109,2
7113→39818,2
7114→28364,4
7115→31249,2
7116→29084,2
7117→27922,6
7118→28156,2
7119→28532,2
7120→22834,2
7121→38592,146
7122→40488,10
7123→32894,14
7124→27748,42
7125→37347,12
7126→21222,2
7127→35410,4
7128→23575,2
7129→29873,8
7130→26007,94
7131→30162,2
7132→23747,6
7133→26235,2
7134→30350,6
7135→38901,18
7136→21010,8
7137→23323,2
7138→34394,40
7139→27783,4
7140→32063,4
7141→21474,2
7142→32251,2
7143→40671,2
7144→21646,2
7145→20794,6
7146→37723,2
7147→26463,70
7148→35848,8
7149→34360,2
7150→27777,4
7151→32097,8
7152→33145,8
7153→21480,2
7154→36437,2
7155→33979,2
7156→25212,2
7157→34152,4
7158→26497,16
7159→33713,8
7160→39229,2
7161→20304,16
7162→23581,30
7163→29887,2
7164→27121,2
7165→30196,14
7166→29289,64
7167→31276,2
7168→33521,8
7169→20136,2
7170→36053,2
7171→21825,2
7172→38134,8
7173→21019,4
7174→40812,2
7175→38306,46
7176→35419,12
7177→26832,2
7178→35841,20
7179→37518,2
7180→33984,4
7181→32856,4
7182→20769,2
7183→28504,26
7184→31429,2
7185→34967,2
7186→33970,14
7187→21489,2
7188→36866,40
7189→23588,8
7190→24130,2
7191→40475,2
7192→21442,42
7193→35270,12
7194→30702,6
7195→30530,334
7196→40647,2
7197→32267,2
7198→21670,2
7199→35426,14
7200→26031,38
7201→40223,8
7202→38339,2
7203→21214,14
7204→32431,26
7205→25486,2
7206→36091,4
7207→37143,6
7208→28399,2
7209→26203,38
7210→34500,2
7211→27117,2
7212→31072,14
7213→33725,6
7214→36859,2
7215→25472,2
7216→36065,14
7217→23785,10
7218→30392,2
7219→31240,6
7220→40481,32
7221→22233,26
7222→26693,2
7223→27741,18
7224→27573,80
7225→20756,14
7226→36633,4
7227→28355,2
7228→29287,98
7229→31278,2
7230→36861,132
7231→39015,18
7232→24598,2
7233→27779,2
7234→33977,2
7235→22039,30
7236→22805,360
7237→29617,2
7238→24108,2
7239→33983,10
7240→29425,14
7241→35846,6
7242→28193,10
7243→26835,2
7244→26009,4
7245→29273,42
7246→36895,8
7247→21822,6
7248→40815,2
7249→31411,4
7250→21683,16
7251→33948,2
7252→20563,2
7253→36406,4
7254→22234,2
7255→31623,12
7256→33510,14
7257→36062,24
7258→20107,384
7259→23782,6
7260→31849,6
7261→25647,2
7262→24795,2
7263→33722,2
7264→37382,4
7265→25481,2
7266→32436,6
7267→37978,36
7268→21021,286
7269→38930,2
7270→37144,4
7271→35613,90
7272→30361,2
7273→23544,8
7274→30153,2
7275→29842,2
7276→21213,118
7277→37376,2
7278→23120,36
7279→35879,2
7280→39688,2
7281→33180,2
7282→38568,24
7283→20597,2
7284→29628,2
7285→31597,2
7286→35137,2
7287→21705,22
7288→21153,4
7289→37036,6
7290→20081,4
7291→24421,12
7292→30213,2
7293→26376,410
7294→35761,6
7295→30021,16
7296→26144,12
7297→23436,24
7298→35553,8
7299→21361,82
7300→24613,6
7301→39964,2
7302→20849,44
7303→34647,4
7304→21395,2
7305→25735,2
7306→32782,2
7307→31563,6
7308→37694,2
7309→36746,2
7310→24283,4
7311→25351,14
7312→25163,42
7313→30683,18
7314→22346,6
7315→34223,4
7316→40369,2
7317→27895,10
7318→23409,4
7319→29301,4
7320→37009,204
7321→21950,2
7322→20882,28
7323→21508,128
7324→38425,2
7325→38617,8
7326→24248,30
7327→29557,6
7328→22379,2
7329→29791,14
7330→37499,4
7331→33805,4
7332→36779,2
7333→39731,20
7334→28471,2
7335→20278,2
7336→38287,10
7337→27861,2
7338→28015,2
7339→35598,2
7340→34678,6
7341→38889,88
7342→20876,228
7343→36573,4
7344→25958,46
7345→30684,16
7346→34224,2
7347→23293,2
7348→34016,2
7349→36741,48
7350→33233,2
7351→31100,4
7352→34472,4
7353→27859,6
7354→22517,2
7355→20240,394
7356→32785,14
7357→33465,12
7358→27257,4
7359→35792,4
7360→26143,36
7361→23431,40
7362→37203,32
7363→32771,288
7364→21154,2
7365→32543,6
7366→40163,6
7367→38079,8
7368→33491,2
7369→24426,18
7370→26371,54
7371→29339,16
7372→35766,2
7373→37455,10
7374→36587,6
7375→23267,2
7376→31590,4
7377→30442,2
7378→21702,2
7379→24270,2
7380→32315,2
7381→27268,2
7382→36914,50
7383→32588,6
7384→27866,2
7385→31903,40
7386→30489,2
7387→28476,2
7388→29796,4
7389→28644,8
7390→33802,8
7391→24089,4
7392→37658,2
7393→38610,8
7394→29550,16
7395→29762,2
7396→23258,2
7397→24841,10
7398→38422,10
7399→40538,4
7400→29306,8
7401→35759,40
7402→38046,2
7403→20885,30
7404→37832,2
7405→24419,2
7406→21359,208
7407→29908,6
7408→29134,4
7409→20276,10
7410→33661,6
7411→38289,6
7412→27053,10
7413→35596,2
7414→22521,2
7415→34444,2
7416→20044,78
7417→38887,6
7418→20878,2
7419→32581,2
7420→27605,38
7421→34212,4
7422→20420,6
7423→25152,66
7424→33037,4
7425→24080,4
7426→36777,8
7427→25360,2
7428→22383,6
7429→24848,2
7430→37463,2
7431→21734,4
7432→36783,8
7433→32323,2
7434→24246,56
7435→40703,2
7436→38619,4
7437→30474,4
7438→26511,2
7439→29559,2
7440→20282,8
7441→21350,6
7442→40367,2
7443→32747,2
7444→30010,8
7445→27295,2
7446→35750,2
7447→38873,6
7448→37007,2
7449→40155,2
7450→29592,2
7451→36748,2
7452→39532,394
7453→38084,2
7454→25509,4
7455→39156,14
7456→34649,2
7457→28216,160
7458→31109,10
7459→26982,4
7460→28024,10
7461→27850,4
7462→37038,4
7463→37804,20
7464→27098,2
7465→26976,2
7466→35905,2
7467→29566,2
7468→38626,12
7469→38414,30
7470→27292,2
7471→35757,16
7472→23632,4
7473→37000,2
7474→21165,10
7475→24417,2
7476→21959,72
7477→33692,2
7478→24625,10
7479→29906,4
7480→26172,18
7481→35565,10
7482→23400,2
7483→36784,180
7484→21733,2
7485→37656,2
7486→32324,2
7487→40704,4
7488→24241,2
7489→30473,334
7490→23064,2
7491→22384,2
7492→21501,4
7493→40536,4
7494→36770,2
7495→28478,10
7496→23090,4
7497→27602,14
7498→25155,6
7499→33030,10
7500→34671,2
7501→20043,852
7502→21191,24
7503→39952,6
7504→36126,312
7505→33454,14
7506→20271,38
7507→40394,2
7508→25703,2
7509→31131,2
7510→27054,66
7511→27868,2
7512→32915,2
7513→24870,2
7514→40509,2
7515→38413,14
7516→22189,2
7517→38621,78
7518→30028,2
7519→29105,12
7520→21368,2
7521→24428,8
7522→35768,50
7523→22519,136
7524→31932,4
7525→28023,42
7526→33659,6
7527→39363,2
7528→40199,10
7529→20840,28
7530→38083,18
7531→39151,10
7532→24884,2
7533→20418,12
7534→33833,4
7535→39535,6
7536→22941,4
7537→38675,4
7538→30418,18
7539→23833,2
7540→34884,4
7541→38447,2
7542→24018,6
7543→32941,2
7544→37857,12
7545→36985,20
7546→32519,2
7547→21932,34
7548→38211,2
7549→37259,2
7550→26925,2
7551→29151,20
7552→31992,18
7553→26119,2
7554→31368,6
7555→20814,28
7556→20028,128
7557→31966,8
7558→27803,4
7559→29999,16
7560→22129,2
7561→34870,16
7562→26589,2
7563→22915,24
7564→32189,12
7565→39561,10
7566→35531,20
7567→23454,22
7568→26126,160
7569→30043,4
7570→32714,68
7571→37266,2
7572→24443,36
7573→25591,6
7574→32526,2
7575→37054,14
7576→36186,4
7577→35703,64
7578→30271,2
7579→32142,2
7580→40562,2
7581→24027,28
7582→21555,150
7583→23030,2
7584→30427,36
7585→27490,40
7586→21767,10
7587→25101,54
7588→35393,4
7589→26784,4
7590→22116,4
7591→33256,64
7592→36724,2
7593→20641,6
7594→31959,4
7595→28048,2
7596→34417,6
7597→31165,32
7598→27000,2
7599→24685,34
7600→33632,4
7601→39308,2
7602→25757,8
7603→37292,8
7604→20225,14
7605→20017,2
7606→36172,4
7607→39906,2
7608→23692,4
7609→31357,2
7610→28626,12
7611→39566,2
7612→38686,6
7613→20679,2
7614→35199,210
7615→28070,2
7616→29390,2
7617→22778,196
7618→20813,22
7619→37098,2
7620→38216,10
7621→31995,70
7622→29364,2
7623→38024,2
7624→21109,4
7625→26748,6
7626→39592,12
7627→32946,146
7628→24823,2
7629→33894,6
7630→34883,2
7631→33407,10
7632→36949,24
7633→25562,292
7634→20010,12
7635→36175,24
7636→34622,2
7637→31350,10
7638→22575,16
7639→31162,10
7640→33635,66
7641→24682,4
7642→37295,6
7643→36347,6
7644→34074,2
7645→27463,8
7646→33251,230
7647→39559,6
7648→25106,18
7649→20474,2
7650→26783,2
7651→23037,4
7652→32377,6
7653→24212,56
7654→40565,4
7655→20480,2
7656→19996,234
7657→24444,14
7658→32521,2
7659→37053,2
7660→26313,4
7661→22581,18
7662→23453,588
7663→26121,14
7664→30044,16
7665→38229,6
7666→24676,20
7667→37261,2
7668→21304,2
7669→27832,4
7670→28046,12
7671→31957,6
7672→25759,2
7673→39134,46
7674→28274,2
7675→31359,6
7676→40598,2
7677→39550,20
7678→28610,4
7679→22118,8
7680→28422,4
7681→35993,6
7682→33258,478
7683→24029,28
7684→20489,42
7685→35369,2
7686→29736,2
7687→39796,10
7688→21769,2
7689→32528,12
7690→29352,2
7691→33267,286
7692→20670,2
7693→36715,4
7694→31530,2
7695→27667,2
7696→33055,2
7697→25130,4
7698→20442,2
7699→36527,4
7700→29399,10
7701→25554,6
7702→33431,2
7703→36143,40
7704→20026,210
7705→33603,4
7706→20214,2
7707→34426,2
7708→23491,6
7709→28079,6
7710→31968,42
7711→30086,48
7712→28845,2
7713→30240,6
7714→31392,2
7715→32517,4
7716→32725,10
7717→21332,6
7718→37257,6
7719→30072,4
7720→33293,58
7721→24224,4
7722→32341,6
7723→35164,10
7724→35958,2
7725→30416,6
7726→23233,6
7727→40553,2
7728→38449,30
7729→32173,16
7730→21564,2
7731→38015,6
7732→21138,12
7733→38829,20
7734→28287,18
7735→30278,2
7736→35538,6
7737→28889,2
7738→29503,6
7739→23039,6
7740→35960,14
7741→23805,6
7742→40759,2
7743→39791,214
7744→32379,6
7745→38471,6
7746→33099,18
7747→37439,8
7748→19998,36
7749→28425,2
7750→31508,6
7751→20648,2
7752→38485,10
7753→25108,6
7754→39557,2
7755→32983,2
7756→36947,106
7757→33409,2
7758→28041,88
7759→27835,40
7760→36349,12
7761→35351,2
7762→23234,2
7763→26746,20
7764→30623,2
7765→40554,4
7766→32174,2
7767→37406,24
7768→21563,2
7769→32948,2
7770→24223,2
7771→40766,2
7772→32346,8
7773→23006,68
7774→30411,2
7775→32722,20
7776→38218,4
7777→21335,338
7778→36382,2
7779→23462,12
7780→29158,2
7781→26110,182
7782→29964,2
7783→23650,6
7784→30247,2
7785→31395,2
7786→32510,38
7787→24475,2
7788→38816,14
7789→33604,4
7790→30081,2
7791→27036,8
7792→31153,4
7793→22776,2
7794→31361,6
7795→36978,78
7796→33436,2
7797→24481,362
7798→36144,12
7799→20021,2
7800→37096,36
7801→22312,48
7802→34277,10
7803→31705,4
7804→39568,8
7805→32180,6
7806→20445,228
7807→33260,6
7808→40792,2
7809→25305,28
7810→20677,4
7811→36712,20
7812→22120,82
7813→26580,4
7814→31537,4
7815→34214,22
7816→27603,2
7817→33031,6
7818→24086,2
7819→25968,22
7820→20426,16
7821→39739,2
7822→33203,6
7823→36771,2
7824→28479,8
7825→27431,32
7826→36315,2
7827→34442,16
7828→26187,72
7829→28821,2
7830→34670,2
7831→31302,88
7832→36127,10
7833→33693,2
7834→40361,2
7835→32741,2
7836→37233,8
7837→20284,36
7838→21356,2
7839→23401,2
7840→26173,2
7841→30016,10
7842→29309,4
7843→35756,2
7844→34684,2
7845→23633,2
7846→24416,2
7847→21164,4
7848→26725,18
7849→40537,2
7850→24072,150
7851→32325,2
7852→36785,24
7853→37657,2
7854→23065,2
7855→30472,2
7856→26517,6
7857→40198,2
7858→20841,14
7859→36924,2
7860→39150,38
7861→36118,6
7862→26984,4
7863→22518,146
7864→27856,2
7865→29594,2
7866→39706,6
7867→39534,2
7868→20419,2
7869→31759,6
7870→29560,174
7871→35903,2
7872→38620,10
7873→40508,2
7874→24871,24
7875→24429,112
7876→20089,28
7877→35769,2
7878→26970,106
7879→21369,20
7880→40702,24
7881→38618,104
7882→24247,94
7883→36782,2
7884→30475,8
7885→35335,10
7886→26722,4
7887→21507,8
7888→35751,2
7889→32574,12
7890→38872,4
7891→21163,8
7892→33694,4
7893→24623,4
7894→37234,2
7895→21351,12
7896→35563,20
7897→26174,114
7898→30011,132
7899→28228,120
7900→20879,12
7901→33452,10
7902→32580,2
7903→20045,398
7904→38886,118
7905→39954,2
7906→21197,2
7907→33660,22
7908→25705,10
7909→22520,2
7910→34445,4
7911→31137,4
7912→25361,8
7913→36776,8
7914→20613,46
7915→34021,8
7916→27436,16
7917→27604,58
7918→31761,8
7919→25153,10
7920→24081,2
7921→36544,4
7922→20421,2
7923→23439,26
7924→30812,2
7925→27099,2
7926→38243,2
7927→39391,18
7928→32779,4
7929→33499,12
7930→37039,10
7931→26379,160
7932→25198,2
7933→38415,2
7934→24876,2
7935→28687,2
7936→31598,14
7937→38627,42
7938→24278,2
7939→39533,2
7940→25950,16
7941→29593,2
7942→34822,28
7943→23895,452
7944→22947,26
7945→36749,4
7946→31934,12
7947→28025,2
7948→31108,46
7949→20248,8
7950→38085,4
7951→20846,44
7952→36923,2
7953→34648,2
7954→32542,2
7955→21969,6
7956→24427,2
7957→40162,2
7958→39996,2
7959→21155,6
7960→37030,118
7961→35767,2
7962→30027,12
7963→24615,16
7964→21367,2
7965→37202,286
7966→35131,4
7967→26526,4
7968→37666,26
7969→21703,2
7970→24043,24
7971→40506,2
7972→25191,136
7973→21531,162
7974→28448,4
7975→31565,18
7976→20625,12
7977→36740,4
7978→25165,308
7979→20417,2
7980→31757,2
7981→33464,8
7982→35793,4
7983→26384,2
7984→34473,4
7985→22516,12
7986→28810,6
7987→25733,2
7988→32784,14
7989→20241,156
7990→38423,2
7991→32119,2
7992→24840,2
7993→32925,2
7994→22985,10
7995→26519,48
7996→38275,6
7997→21358,2
7998→26941,4
7999→35758,14
8000→29307,2
8001→24418,8
8002→38047,128
8003→20884,6
8004→39353,2
8005→38281,12
8006→27867,4
8007→32589,2
8008→36129,2
8009→24088,10
8010→33803,2
8011→34028,10
8012→22971,28
8013→30488,2
8014→27063,2
8015→32783,2
8016→36323,2
8017→25506,2
8018→20848,20
8019→36111,8
8020→35794,4
8021→26383,16
8022→33007,4
8023→25162,4
8024→22347,4
8025→34222,4
8026→23295,2
8027→27635,12
8028→22949,58
8029→24282,8
8030→25196,292
8031→32121,2
8032→21536,30
8033→28689,4
8034→38629,6
8035→32313,6
8036→26979,4
8037→21360,188
8038→32545,2
8039→40165,72
8040→24420,48
8041→21152,28
8042→20080,42
8043→35760,42
8044→26377,88
8045→39730,156
8046→27438,6
8047→29790,6
8048→22378,10
8049→33804,20
8050→39166,6
8051→20877,22
8052→38888,2
8053→38286,10
8054→28014,16
8055→27860,4
8056→35599,2
8057→28828,2
8058→29300,2
8059→26348,4
8060→39192,14
8061→21951,6
8062→20883,162
8063→38040,8
8064→37008,6
8065→32748,6
8066→38272,154
8067→23408,8
8068→28484,6
8069→29764,2
8070→38424,2
8071→24847,34
8072→25995,62
8073→21509,8
8074→32982,2
8075→25935,58
8076→38484,6
8077→39556,16
8078→25109,2
8079→34249,4
8080→22922,28
8081→35995,2
8082→20649,6
8083→39764,2
8084→30883,8
8085→28040,2
8086→36946,4
8087→28888,4
8088→31199,2
8089→29166,14
8090→26912,6
8091→35539,2
8092→24679,2
8093→21139,6
8094→38828,2
8095→21905,2
8096→37860,2
8097→38014,12
8098→30279,2
8099→33098,6
8100→38470,54
8101→29730,2
8102→35961,24
8103→27498,4
8104→38642,48
8105→31360,4
8106→22777,24
8107→36145,2
8108→20020,64
8109→25552,4
8110→24480,4
8111→33437,4
8112→33605,6
8113→28843,2
8114→31152,6
8115→23497,2
8116→22545,6
8117→36713,38
8118→33261,4
8119→25304,6
8120→27453,30
8121→34044,6
8122→27661,2
8123→28629,18
8124→20444,2
8125→39569,14
8126→25136,36
8127→20682,2
8128→24222,64
8129→26575,6
8130→35162,2
8131→30622,2
8132→35350,6
8133→34282,4
8134→32175,2
8135→30246,16
8136→35734,4
8137→21106,22
8138→37063,2
8139→32511,8
8140→36383,2
8141→21334,16
8142→24646,10
8143→30074,172
8144→29965,6
8145→23463,2
8146→29159,4
8147→35506,4
8148→23803,8
8149→30428,22
8150→24814,8
8151→38477,156
8152→24028,2
8153→32529,2
8154→38013,36
8155→23669,2
8156→37269,10
8157→20018,6
8158→36941,2
8159→39135,72
8160→27833,2
8161→25758,2
8162→35992,10
8163→22925,4
8164→25932,10
8165→32985,2
8166→40599,54
8167→39551,6
8168→28611,2
8169→21333,76
8170→32724,8
8171→24641,6
8172→40304,2
8173→30073,4
8174→26116,2
8175→23656,2
8176→35733,4
8177→37064,2
8178→32516,18
8179→24473,56
8180→37858,2
8181→26740,8
8182→35357,2
8183→34285,2
8184→40552,2
8185→32172,8
8186→21757,2
8187→33292,44
8188→32340,14
8189→30417,66
8190→23000,2
8191→27666,166
8192→22314,2
8193→34271,2
8194→20443,2
8195→32186,4
8196→36714,2
8197→25303,8
8198→26586,2
8199→31531,2
8200→27454,4
8201→36370,2
8202→20215,2
8203→30087,26
8204→27030,10
8205→29996,20
8206→31155,6
8207→23490,2
8208→34427,2
8209→36142,104
8210→20027,16
8211→37090,40
8212→24487,2
8213→38819,2
8214→21108,4
8215→38025,4
8216→36983,32
8217→21934,76
8218→31994,6
8219→29157,2
8220→28085,6
8221→38673,2
8222→23835,2
8223→34882,4
8224→35950,2
8225→29701,6
8226→24822,2
8227→39755,6
8228→22913,2
8229→28415,24
8230→35198,4
8231→25138,26
8232→39567,20
8233→22779,2
8234→37099,2
8235→33439,4
8236→20812,32
8237→39103,2
8238→28071,4
8239→19997,18
8240→27496,224
8241→26544,2
8242→34081,100
8243→21761,12
8244→24213,6
8245→26120,2
8246→31197,6
8247→30045,6
8248→28886,2
8249→22580,24
8250→23452,94
8251→21305,52
8252→21137,2
8253→40100,6
8254→25597,2
8255→26312,4
8256→30277,2
8257→23660,18
8258→31163,12
8259→28872,14
8260→34411,14
8261→37294,6
8262→20223,4
8263→24683,2
8264→20011,2
8265→36174,6
8266→33406,12
8267→36948,24
8268→25563,4
8269→31351,6
8270→27234,2
8271→22746,2
8272→20475,78
8273→39558,18
8274→27650,8
8275→34849,10
8276→27462,10
8277→36722,8
8278→20647,6
8279→32382,2
8280→25769,2
8281→39336,8
8282→30089,14
8283→31967,12
8284→34429,14
8285→27802,140
8286→28244,40
8287→20029,54
8288→39938,2
8289→24489,64
8290→27668,48
8291→25903,16
8292→39560,4
8293→33268,14
8294→22914,72
8295→26588,2
8296→35359,10
8297→32940,2
8298→24825,6
8299→38446,10
8300→21759,2
8301→34885,22
8302→23832,2
8303→38210,2
8304→26118,24
8305→28082,8
8306→36984,20
8307→27465,2
8308→36725,2
8309→21792,4
8310→32385,8
8311→25100,164
8312→33065,20
8313→40597,8
8314→20016,96
8315→27233,2
8316→34624,4
8317→31164,2
8318→27001,4
8319→31958,8
8320→28049,4
8321→36341,6
8322→33633,6
8323→24684,14
8324→37055,12
8325→21130,2
8326→36187,12
8327→40107,2
8328→29953,2
8329→26127,26
8330→23455,22
8331→27491,340
8332→26543,2
8333→34086,4
8334→32371,2
8335→24214,4
8336→32143,26
8337→40563,2
8338→26771,4
8339→19990,114
8340→29739,6
